version,instance,vertices,edges,trial,fitness,elapsed_us,direct_burns
V3_grau_relativo,cycle1-order25.txt,25,25,0,14,38895.0,13
V3_grau_relativo,cycle1-order25.txt,25,25,1,14,40192.0,13
V3_grau_relativo,cycle1-order25.txt,25,25,2,14,40193.0,13
V3_grau_relativo,cycle1-order25.txt,25,25,3,14,39904.0,13
V3_grau_relativo,cycle1-order25.txt,25,25,4,14,40273.0,13
V3_grau_relativo,cycle1-order25.txt,25,25,5,14,40095.0,13
V3_grau_relativo,cycle1-order25.txt,25,25,6,14,40289.0,13
V3_grau_relativo,cycle1-order25.txt,25,25,7,14,38072.0,13
V3_grau_relativo,cycle1-order25.txt,25,25,8,14,40304.0,13
V3_grau_relativo,cycle1-order25.txt,25,25,9,14,40295.0,13
V3_grau_relativo,cycle1-order25.txt,25,25,10,14,39612.0,13
V3_grau_relativo,cycle1-order25.txt,25,25,11,14,37952.0,13
V3_grau_relativo,cycle1-order25.txt,25,25,12,14,39689.0,13
V3_grau_relativo,cycle1-order25.txt,25,25,13,14,38213.0,13
V3_grau_relativo,cycle1-order25.txt,25,25,14,14,38242.0,13
V3_grau_relativo,cycle1-order25.txt,25,25,15,14,39609.0,13
V3_grau_relativo,cycle1-order25.txt,25,25,16,14,40027.0,13
V3_grau_relativo,cycle1-order25.txt,25,25,17,14,39701.0,13
V3_grau_relativo,cycle1-order25.txt,25,25,18,14,40233.0,13
V3_grau_relativo,cycle1-order25.txt,25,25,19,14,40437.0,13
V3_grau_relativo,cycle1-order25.txt,25,25,20,14,40075.0,13
V3_grau_relativo,cycle1-order25.txt,25,25,21,14,38950.0,13
V3_grau_relativo,cycle1-order25.txt,25,25,22,14,40203.0,13
V3_grau_relativo,cycle1-order25.txt,25,25,23,14,40262.0,13
V3_grau_relativo,cycle1-order25.txt,25,25,24,14,39347.0,13
V3_grau_relativo,cycle1-order25.txt,25,25,25,14,41098.0,13
V3_grau_relativo,cycle1-order25.txt,25,25,26,14,39593.0,13
V3_grau_relativo,cycle1-order25.txt,25,25,27,14,39692.0,13
V3_grau_relativo,cycle1-order25.txt,25,25,28,14,40135.0,13
V3_grau_relativo,cycle1-order25.txt,25,25,29,14,40309.0,13
V3_grau_relativo,random_denso_n50_p30.txt,50,384,0,4,67021.0,4
V3_grau_relativo,random_denso_n50_p30.txt,50,384,1,4,61102.0,4
V3_grau_relativo,random_denso_n50_p30.txt,50,384,2,4,59743.0,4
V3_grau_relativo,random_denso_n50_p30.txt,50,384,3,4,55305.0,4
V3_grau_relativo,random_denso_n50_p30.txt,50,384,4,4,60444.0,4
V3_grau_relativo,random_denso_n50_p30.txt,50,384,5,4,53438.0,4
V3_grau_relativo,random_denso_n50_p30.txt,50,384,6,4,55717.0,4
V3_grau_relativo,random_denso_n50_p30.txt,50,384,7,4,64448.0,3
V3_grau_relativo,random_denso_n50_p30.txt,50,384,8,4,54414.0,4
V3_grau_relativo,random_denso_n50_p30.txt,50,384,9,4,52648.0,4
V3_grau_relativo,random_denso_n50_p30.txt,50,384,10,4,52348.0,4
V3_grau_relativo,random_denso_n50_p30.txt,50,384,11,4,52687.0,3
V3_grau_relativo,random_denso_n50_p30.txt,50,384,12,4,52884.0,3
V3_grau_relativo,random_denso_n50_p30.txt,50,384,13,4,53230.0,3
V3_grau_relativo,random_denso_n50_p30.txt,50,384,14,4,62841.0,3
V3_grau_relativo,random_denso_n50_p30.txt,50,384,15,4,66277.0,4
V3_grau_relativo,random_denso_n50_p30.txt,50,384,16,4,66393.0,4
V3_grau_relativo,random_denso_n50_p30.txt,50,384,17,4,65024.0,4
V3_grau_relativo,random_denso_n50_p30.txt,50,384,18,4,65863.0,3
V3_grau_relativo,random_denso_n50_p30.txt,50,384,19,4,79401.0,3
V3_grau_relativo,random_denso_n50_p30.txt,50,384,20,4,66930.0,4
V3_grau_relativo,random_denso_n50_p30.txt,50,384,21,4,66834.0,4
V3_grau_relativo,random_denso_n50_p30.txt,50,384,22,4,66471.0,4
V3_grau_relativo,random_denso_n50_p30.txt,50,384,23,4,66209.0,3
V3_grau_relativo,random_denso_n50_p30.txt,50,384,24,4,66379.0,4
V3_grau_relativo,random_denso_n50_p30.txt,50,384,25,4,64458.0,4
V3_grau_relativo,random_denso_n50_p30.txt,50,384,26,4,65996.0,4
V3_grau_relativo,random_denso_n50_p30.txt,50,384,27,4,64956.0,4
V3_grau_relativo,random_denso_n50_p30.txt,50,384,28,4,65270.0,4
V3_grau_relativo,random_denso_n50_p30.txt,50,384,29,4,65941.0,4
V3_grau_relativo,steam3.txt,80,424,0,8,103711.0,7
V3_grau_relativo,steam3.txt,80,424,1,8,103284.0,7
V3_grau_relativo,steam3.txt,80,424,2,8,104172.0,7
V3_grau_relativo,steam3.txt,80,424,3,8,104257.0,7
V3_grau_relativo,steam3.txt,80,424,4,8,102966.0,7
V3_grau_relativo,steam3.txt,80,424,5,8,104574.0,7
V3_grau_relativo,steam3.txt,80,424,6,8,102235.0,7
V3_grau_relativo,steam3.txt,80,424,7,8,102497.0,7
V3_grau_relativo,steam3.txt,80,424,8,8,101841.0,7
V3_grau_relativo,steam3.txt,80,424,9,8,109011.0,7
V3_grau_relativo,steam3.txt,80,424,10,8,105849.0,7
V3_grau_relativo,steam3.txt,80,424,11,8,106926.0,7
V3_grau_relativo,steam3.txt,80,424,12,8,103344.0,7
V3_grau_relativo,steam3.txt,80,424,13,8,105497.0,7
V3_grau_relativo,steam3.txt,80,424,14,8,103916.0,7
V3_grau_relativo,steam3.txt,80,424,15,8,109247.0,7
V3_grau_relativo,steam3.txt,80,424,16,8,106843.0,7
V3_grau_relativo,steam3.txt,80,424,17,8,98918.0,7
V3_grau_relativo,steam3.txt,80,424,18,8,109122.0,7
V3_grau_relativo,steam3.txt,80,424,19,8,107379.0,7
V3_grau_relativo,steam3.txt,80,424,20,8,106666.0,7
V3_grau_relativo,steam3.txt,80,424,21,8,104634.0,7
V3_grau_relativo,steam3.txt,80,424,22,8,110187.0,7
V3_grau_relativo,steam3.txt,80,424,23,8,129052.0,7
V3_grau_relativo,steam3.txt,80,424,24,8,164868.0,7
V3_grau_relativo,steam3.txt,80,424,25,8,127174.0,7
V3_grau_relativo,steam3.txt,80,424,26,8,131355.0,7
V3_grau_relativo,steam3.txt,80,424,27,8,139931.0,7
V3_grau_relativo,steam3.txt,80,424,28,8,136650.0,7
V3_grau_relativo,steam3.txt,80,424,29,8,154982.0,7
V3_grau_relativo,cubic_100.txt,100,150,0,29,566358.0,29
V3_grau_relativo,cubic_100.txt,100,150,1,29,246665.0,28
V3_grau_relativo,cubic_100.txt,100,150,2,29,237113.0,29
V3_grau_relativo,cubic_100.txt,100,150,3,29,230996.0,28
V3_grau_relativo,cubic_100.txt,100,150,4,29,245016.0,29
V3_grau_relativo,cubic_100.txt,100,150,5,29,228360.0,29
V3_grau_relativo,cubic_100.txt,100,150,6,29,232829.0,29
V3_grau_relativo,cubic_100.txt,100,150,7,29,226050.0,29
V3_grau_relativo,cubic_100.txt,100,150,8,29,204162.0,29
V3_grau_relativo,cubic_100.txt,100,150,9,29,210899.0,29
V3_grau_relativo,cubic_100.txt,100,150,10,29,202203.0,29
V3_grau_relativo,cubic_100.txt,100,150,11,29,207611.0,29
V3_grau_relativo,cubic_100.txt,100,150,12,29,214218.0,29
V3_grau_relativo,cubic_100.txt,100,150,13,29,202800.0,29
V3_grau_relativo,cubic_100.txt,100,150,14,29,204302.0,28
V3_grau_relativo,cubic_100.txt,100,150,15,29,219015.0,28
V3_grau_relativo,cubic_100.txt,100,150,16,29,219295.0,29
V3_grau_relativo,cubic_100.txt,100,150,17,29,212264.0,28
V3_grau_relativo,cubic_100.txt,100,150,18,29,206763.0,29
V3_grau_relativo,cubic_100.txt,100,150,19,29,215256.0,29
V3_grau_relativo,cubic_100.txt,100,150,20,29,215759.0,28
V3_grau_relativo,cubic_100.txt,100,150,21,29,213835.0,29
V3_grau_relativo,cubic_100.txt,100,150,22,29,208368.0,29
V3_grau_relativo,cubic_100.txt,100,150,23,29,215404.0,29
V3_grau_relativo,cubic_100.txt,100,150,24,28,289585.0,28
V3_grau_relativo,cubic_100.txt,100,150,25,29,219496.0,29
V3_grau_relativo,cubic_100.txt,100,150,26,29,208787.0,29
V3_grau_relativo,cubic_100.txt,100,150,27,29,211528.0,29
V3_grau_relativo,cubic_100.txt,100,150,28,29,215640.0,29
V3_grau_relativo,cubic_100.txt,100,150,29,29,203128.0,29
V3_grau_relativo,grade_10x10.txt,100,180,0,17,199524.0,17
V3_grau_relativo,grade_10x10.txt,100,180,1,18,161819.0,18
V3_grau_relativo,grade_10x10.txt,100,180,2,17,160535.0,17
V3_grau_relativo,grade_10x10.txt,100,180,3,18,146492.0,17
V3_grau_relativo,grade_10x10.txt,100,180,4,18,163834.0,18
V3_grau_relativo,grade_10x10.txt,100,180,5,18,157501.0,18
V3_grau_relativo,grade_10x10.txt,100,180,6,18,167199.0,18
V3_grau_relativo,grade_10x10.txt,100,180,7,18,164697.0,18
V3_grau_relativo,grade_10x10.txt,100,180,8,18,177395.0,18
V3_grau_relativo,grade_10x10.txt,100,180,9,18,160524.0,18
V3_grau_relativo,grade_10x10.txt,100,180,10,18,173305.0,18
V3_grau_relativo,grade_10x10.txt,100,180,11,17,217727.0,17
V3_grau_relativo,grade_10x10.txt,100,180,12,18,176283.0,18
V3_grau_relativo,grade_10x10.txt,100,180,13,18,146956.0,18
V3_grau_relativo,grade_10x10.txt,100,180,14,18,169522.0,18
V3_grau_relativo,grade_10x10.txt,100,180,15,17,194162.0,16
V3_grau_relativo,grade_10x10.txt,100,180,16,17,176575.0,17
V3_grau_relativo,grade_10x10.txt,100,180,17,18,156429.0,17
V3_grau_relativo,grade_10x10.txt,100,180,18,18,149655.0,18
V3_grau_relativo,grade_10x10.txt,100,180,19,17,151999.0,17
V3_grau_relativo,grade_10x10.txt,100,180,20,18,179455.0,17
V3_grau_relativo,grade_10x10.txt,100,180,21,18,178176.0,18
V3_grau_relativo,grade_10x10.txt,100,180,22,17,181711.0,17
V3_grau_relativo,grade_10x10.txt,100,180,23,17,226423.0,17
V3_grau_relativo,grade_10x10.txt,100,180,24,18,173357.0,18
V3_grau_relativo,grade_10x10.txt,100,180,25,18,153364.0,17
V3_grau_relativo,grade_10x10.txt,100,180,26,17,295615.0,17
V3_grau_relativo,grade_10x10.txt,100,180,27,18,164398.0,18
V3_grau_relativo,grade_10x10.txt,100,180,28,18,168562.0,17
V3_grau_relativo,grade_10x10.txt,100,180,29,18,169856.0,18
V3_grau_relativo,ciclo_n100.txt,100,100,0,52,268172.0,51
V3_grau_relativo,ciclo_n100.txt,100,100,1,51,315896.0,50
V3_grau_relativo,ciclo_n100.txt,100,100,2,52,271094.0,51
V3_grau_relativo,ciclo_n100.txt,100,100,3,51,266794.0,50
V3_grau_relativo,ciclo_n100.txt,100,100,4,52,254143.0,51
V3_grau_relativo,ciclo_n100.txt,100,100,5,51,258662.0,50
V3_grau_relativo,ciclo_n100.txt,100,100,6,52,272267.0,51
V3_grau_relativo,ciclo_n100.txt,100,100,7,52,279238.0,51
V3_grau_relativo,ciclo_n100.txt,100,100,8,52,251714.0,51
V3_grau_relativo,ciclo_n100.txt,100,100,9,52,262619.0,51
V3_grau_relativo,ciclo_n100.txt,100,100,10,52,255579.0,51
V3_grau_relativo,ciclo_n100.txt,100,100,11,52,252887.0,51
V3_grau_relativo,ciclo_n100.txt,100,100,12,52,254554.0,51
V3_grau_relativo,ciclo_n100.txt,100,100,13,52,255950.0,51
V3_grau_relativo,ciclo_n100.txt,100,100,14,52,258392.0,51
V3_grau_relativo,ciclo_n100.txt,100,100,15,52,256430.0,51
V3_grau_relativo,ciclo_n100.txt,100,100,16,52,243842.0,51
V3_grau_relativo,ciclo_n100.txt,100,100,17,52,261608.0,51
V3_grau_relativo,ciclo_n100.txt,100,100,18,51,265311.0,50
V3_grau_relativo,ciclo_n100.txt,100,100,19,51,251918.0,50
V3_grau_relativo,ciclo_n100.txt,100,100,20,52,253899.0,51
V3_grau_relativo,ciclo_n100.txt,100,100,21,52,258835.0,51
V3_grau_relativo,ciclo_n100.txt,100,100,22,52,253104.0,51
V3_grau_relativo,ciclo_n100.txt,100,100,23,52,256764.0,51
V3_grau_relativo,ciclo_n100.txt,100,100,24,52,253100.0,51
V3_grau_relativo,ciclo_n100.txt,100,100,25,51,277773.0,50
V3_grau_relativo,ciclo_n100.txt,100,100,26,51,274497.0,50
V3_grau_relativo,ciclo_n100.txt,100,100,27,52,252672.0,51
V3_grau_relativo,ciclo_n100.txt,100,100,28,51,266336.0,50
V3_grau_relativo,ciclo_n100.txt,100,100,29,52,267737.0,51
V3_grau_relativo,dwt__162.txt,162,510,0,12,368778.0,12
V3_grau_relativo,dwt__162.txt,162,510,1,13,227076.0,13
V3_grau_relativo,dwt__162.txt,162,510,2,12,213154.0,12
V3_grau_relativo,dwt__162.txt,162,510,3,13,228317.0,13
V3_grau_relativo,dwt__162.txt,162,510,4,12,220949.0,12
V3_grau_relativo,dwt__162.txt,162,510,5,12,220695.0,12
V3_grau_relativo,dwt__162.txt,162,510,6,12,260725.0,12
V3_grau_relativo,dwt__162.txt,162,510,7,12,259032.0,12
V3_grau_relativo,dwt__162.txt,162,510,8,13,221686.0,13
V3_grau_relativo,dwt__162.txt,162,510,9,12,239848.0,12
V3_grau_relativo,dwt__162.txt,162,510,10,13,216098.0,13
V3_grau_relativo,dwt__162.txt,162,510,11,12,211892.0,12
V3_grau_relativo,dwt__162.txt,162,510,12,13,210182.0,13
V3_grau_relativo,dwt__162.txt,162,510,13,12,219145.0,12
V3_grau_relativo,dwt__162.txt,162,510,14,12,275323.0,12
V3_grau_relativo,dwt__162.txt,162,510,15,12,205276.0,12
V3_grau_relativo,dwt__162.txt,162,510,16,12,210591.0,12
V3_grau_relativo,dwt__162.txt,162,510,17,12,281820.0,12
V3_grau_relativo,dwt__162.txt,162,510,18,12,228957.0,12
V3_grau_relativo,dwt__162.txt,162,510,19,12,229112.0,12
V3_grau_relativo,dwt__162.txt,162,510,20,12,209301.0,12
V3_grau_relativo,dwt__162.txt,162,510,21,12,217693.0,12
V3_grau_relativo,dwt__162.txt,162,510,22,12,214001.0,12
V3_grau_relativo,dwt__162.txt,162,510,23,12,203467.0,12
V3_grau_relativo,dwt__162.txt,162,510,24,12,218446.0,12
V3_grau_relativo,dwt__162.txt,162,510,25,12,201471.0,12
V3_grau_relativo,dwt__162.txt,162,510,26,12,210297.0,12
V3_grau_relativo,dwt__162.txt,162,510,27,12,254407.0,12
V3_grau_relativo,dwt__162.txt,162,510,28,12,207052.0,12
V3_grau_relativo,dwt__162.txt,162,510,29,13,207562.0,13
V3_grau_relativo,random_esparso_n200_d3.txt,200,481,0,18,260863.0,18
V3_grau_relativo,random_esparso_n200_d3.txt,200,481,1,18,254627.0,18
V3_grau_relativo,random_esparso_n200_d3.txt,200,481,2,18,264722.0,18
V3_grau_relativo,random_esparso_n200_d3.txt,200,481,3,18,254999.0,18
V3_grau_relativo,random_esparso_n200_d3.txt,200,481,4,18,251940.0,18
V3_grau_relativo,random_esparso_n200_d3.txt,200,481,5,18,252606.0,18
V3_grau_relativo,random_esparso_n200_d3.txt,200,481,6,18,253973.0,18
V3_grau_relativo,random_esparso_n200_d3.txt,200,481,7,18,253041.0,18
V3_grau_relativo,random_esparso_n200_d3.txt,200,481,8,18,251012.0,18
V3_grau_relativo,random_esparso_n200_d3.txt,200,481,9,18,249833.0,18
V3_grau_relativo,random_esparso_n200_d3.txt,200,481,10,18,254943.0,18
V3_grau_relativo,random_esparso_n200_d3.txt,200,481,11,18,254894.0,18
V3_grau_relativo,random_esparso_n200_d3.txt,200,481,12,18,254676.0,18
V3_grau_relativo,random_esparso_n200_d3.txt,200,481,13,18,251864.0,18
V3_grau_relativo,random_esparso_n200_d3.txt,200,481,14,18,251044.0,18
V3_grau_relativo,random_esparso_n200_d3.txt,200,481,15,18,252696.0,18
V3_grau_relativo,random_esparso_n200_d3.txt,200,481,16,18,246972.0,18
V3_grau_relativo,random_esparso_n200_d3.txt,200,481,17,18,254528.0,18
V3_grau_relativo,random_esparso_n200_d3.txt,200,481,18,18,245176.0,18
V3_grau_relativo,random_esparso_n200_d3.txt,200,481,19,18,254284.0,18
V3_grau_relativo,random_esparso_n200_d3.txt,200,481,20,18,248642.0,18
V3_grau_relativo,random_esparso_n200_d3.txt,200,481,21,18,252348.0,18
V3_grau_relativo,random_esparso_n200_d3.txt,200,481,22,18,254523.0,18
V3_grau_relativo,random_esparso_n200_d3.txt,200,481,23,18,253370.0,18
V3_grau_relativo,random_esparso_n200_d3.txt,200,481,24,18,253749.0,18
V3_grau_relativo,random_esparso_n200_d3.txt,200,481,25,18,249549.0,18
V3_grau_relativo,random_esparso_n200_d3.txt,200,481,26,18,251834.0,18
V3_grau_relativo,random_esparso_n200_d3.txt,200,481,27,18,252468.0,18
V3_grau_relativo,random_esparso_n200_d3.txt,200,481,28,18,250860.0,18
V3_grau_relativo,random_esparso_n200_d3.txt,200,481,29,18,252415.0,18
V3_grau_relativo,cycle10-order250.txt,250,250,0,128,1656200.0,127
V3_grau_relativo,cycle10-order250.txt,250,250,1,127,1677820.0,126
V3_grau_relativo,cycle10-order250.txt,250,250,2,129,1716480.0,128
V3_grau_relativo,cycle10-order250.txt,250,250,3,128,2673380.0,127
V3_grau_relativo,cycle10-order250.txt,250,250,4,127,1416580.0,126
V3_grau_relativo,cycle10-order250.txt,250,250,5,130,1376740.0,129
V3_grau_relativo,cycle10-order250.txt,250,250,6,130,1464000.0,129
V3_grau_relativo,cycle10-order250.txt,250,250,7,128,1451400.0,127
V3_grau_relativo,cycle10-order250.txt,250,250,8,129,1683030.0,128
V3_grau_relativo,cycle10-order250.txt,250,250,9,130,1418490.0,129
V3_grau_relativo,cycle10-order250.txt,250,250,10,129,1781330.0,128
V3_grau_relativo,cycle10-order250.txt,250,250,11,129,1407360.0,128
V3_grau_relativo,cycle10-order250.txt,250,250,12,129,1382440.0,128
V3_grau_relativo,cycle10-order250.txt,250,250,13,128,1403300.0,127
V3_grau_relativo,cycle10-order250.txt,250,250,14,130,1325320.0,129
V3_grau_relativo,cycle10-order250.txt,250,250,15,128,1483530.0,127
V3_grau_relativo,cycle10-order250.txt,250,250,16,129,1486460.0,128
V3_grau_relativo,cycle10-order250.txt,250,250,17,129,1503940.0,128
V3_grau_relativo,cycle10-order250.txt,250,250,18,130,1342610.0,129
V3_grau_relativo,cycle10-order250.txt,250,250,19,127,1910810.0,126
V3_grau_relativo,cycle10-order250.txt,250,250,20,129,1592150.0,128
V3_grau_relativo,cycle10-order250.txt,250,250,21,129,1872860.0,128
V3_grau_relativo,cycle10-order250.txt,250,250,22,130,1357820.0,129
V3_grau_relativo,cycle10-order250.txt,250,250,23,129,1490880.0,128
V3_grau_relativo,cycle10-order250.txt,250,250,24,129,1333630.0,128
V3_grau_relativo,cycle10-order250.txt,250,250,25,128,2468070.0,127
V3_grau_relativo,cycle10-order250.txt,250,250,26,128,2461900.0,127
V3_grau_relativo,cycle10-order250.txt,250,250,27,128,2324900.0,127
V3_grau_relativo,cycle10-order250.txt,250,250,28,130,1337850.0,129
V3_grau_relativo,cycle10-order250.txt,250,250,29,128,1742830.0,127
V3_grau_relativo,nos7.txt,729,1944,0,29,2557630.0,28
V3_grau_relativo,nos7.txt,729,1944,1,29,2225000.0,29
V3_grau_relativo,nos7.txt,729,1944,2,29,1832950.0,29
V3_grau_relativo,nos7.txt,729,1944,3,28,1978220.0,28
V3_grau_relativo,nos7.txt,729,1944,4,30,1974220.0,29
V3_grau_relativo,nos7.txt,729,1944,5,30,1985260.0,29
V3_grau_relativo,nos7.txt,729,1944,6,30,1783910.0,30
V3_grau_relativo,nos7.txt,729,1944,7,29,2235670.0,29
V3_grau_relativo,nos7.txt,729,1944,8,29,1883060.0,29
V3_grau_relativo,nos7.txt,729,1944,9,30,1863200.0,29
V3_grau_relativo,nos7.txt,729,1944,10,29,1744740.0,29
V3_grau_relativo,nos7.txt,729,1944,11,30,1834650.0,29
V3_grau_relativo,nos7.txt,729,1944,12,29,1854500.0,28
V3_grau_relativo,nos7.txt,729,1944,13,29,2100390.0,29
V3_grau_relativo,nos7.txt,729,1944,14,29,1856610.0,29
V3_grau_relativo,nos7.txt,729,1944,15,30,1877340.0,29
V3_grau_relativo,nos7.txt,729,1944,16,28,2718350.0,27
V3_grau_relativo,nos7.txt,729,1944,17,30,1687090.0,30
V3_grau_relativo,nos7.txt,729,1944,18,29,2035770.0,29
V3_grau_relativo,nos7.txt,729,1944,19,29,1695650.0,29
V3_grau_relativo,nos7.txt,729,1944,20,30,1732690.0,30
V3_grau_relativo,nos7.txt,729,1944,21,28,1698530.0,27
V3_grau_relativo,nos7.txt,729,1944,22,29,1795590.0,29
V3_grau_relativo,nos7.txt,729,1944,23,29,2058740.0,29
V3_grau_relativo,nos7.txt,729,1944,24,28,2043850.0,28
V3_grau_relativo,nos7.txt,729,1944,25,27,1877940.0,27
V3_grau_relativo,nos7.txt,729,1944,26,29,1752140.0,29
V3_grau_relativo,nos7.txt,729,1944,27,29,3571140.0,29
V3_grau_relativo,nos7.txt,729,1944,28,30,1957210.0,29
V3_grau_relativo,nos7.txt,729,1944,29,29,1795600.0,29
V3_reparo_grau_relativo,cycle1-order25.txt,25,25,0,14,34859.0,13
V3_reparo_grau_relativo,cycle1-order25.txt,25,25,1,14,35385.0,13
V3_reparo_grau_relativo,cycle1-order25.txt,25,25,2,14,34899.0,13
V3_reparo_grau_relativo,cycle1-order25.txt,25,25,3,14,36320.0,13
V3_reparo_grau_relativo,cycle1-order25.txt,25,25,4,14,34453.0,13
V3_reparo_grau_relativo,cycle1-order25.txt,25,25,5,14,36284.0,13
V3_reparo_grau_relativo,cycle1-order25.txt,25,25,6,14,34649.0,13
V3_reparo_grau_relativo,cycle1-order25.txt,25,25,7,14,35691.0,13
V3_reparo_grau_relativo,cycle1-order25.txt,25,25,8,14,35322.0,13
V3_reparo_grau_relativo,cycle1-order25.txt,25,25,9,14,36524.0,13
V3_reparo_grau_relativo,cycle1-order25.txt,25,25,10,14,35145.0,13
V3_reparo_grau_relativo,cycle1-order25.txt,25,25,11,14,35600.0,13
V3_reparo_grau_relativo,cycle1-order25.txt,25,25,12,14,34916.0,13
V3_reparo_grau_relativo,cycle1-order25.txt,25,25,13,14,35780.0,13
V3_reparo_grau_relativo,cycle1-order25.txt,25,25,14,14,34611.0,13
V3_reparo_grau_relativo,cycle1-order25.txt,25,25,15,14,38642.0,13
V3_reparo_grau_relativo,cycle1-order25.txt,25,25,16,14,34853.0,13
V3_reparo_grau_relativo,cycle1-order25.txt,25,25,17,14,53809.0,13
V3_reparo_grau_relativo,cycle1-order25.txt,25,25,18,14,174408.0,13
V3_reparo_grau_relativo,cycle1-order25.txt,25,25,19,14,68474.0,13
V3_reparo_grau_relativo,cycle1-order25.txt,25,25,20,14,45100.0,13
V3_reparo_grau_relativo,cycle1-order25.txt,25,25,21,14,36498.0,13
V3_reparo_grau_relativo,cycle1-order25.txt,25,25,22,14,35246.0,13
V3_reparo_grau_relativo,cycle1-order25.txt,25,25,23,14,35884.0,13
V3_reparo_grau_relativo,cycle1-order25.txt,25,25,24,14,35273.0,13
V3_reparo_grau_relativo,cycle1-order25.txt,25,25,25,14,35049.0,13
V3_reparo_grau_relativo,cycle1-order25.txt,25,25,26,14,34458.0,13
V3_reparo_grau_relativo,cycle1-order25.txt,25,25,27,14,35005.0,13
V3_reparo_grau_relativo,cycle1-order25.txt,25,25,28,14,35194.0,13
V3_reparo_grau_relativo,cycle1-order25.txt,25,25,29,14,35979.0,13
V3_reparo_grau_relativo,random_denso_n50_p30.txt,50,384,0,4,115218.0,4
V3_reparo_grau_relativo,random_denso_n50_p30.txt,50,384,1,4,113005.0,3
V3_reparo_grau_relativo,random_denso_n50_p30.txt,50,384,2,4,111766.0,4
V3_reparo_grau_relativo,random_denso_n50_p30.txt,50,384,3,4,111321.0,4
V3_reparo_grau_relativo,random_denso_n50_p30.txt,50,384,4,4,109150.0,4
V3_reparo_grau_relativo,random_denso_n50_p30.txt,50,384,5,4,111618.0,4
V3_reparo_grau_relativo,random_denso_n50_p30.txt,50,384,6,4,112458.0,4
V3_reparo_grau_relativo,random_denso_n50_p30.txt,50,384,7,4,111237.0,3
V3_reparo_grau_relativo,random_denso_n50_p30.txt,50,384,8,4,111519.0,4
V3_reparo_grau_relativo,random_denso_n50_p30.txt,50,384,9,4,113616.0,4
V3_reparo_grau_relativo,random_denso_n50_p30.txt,50,384,10,4,113746.0,4
V3_reparo_grau_relativo,random_denso_n50_p30.txt,50,384,11,4,122481.0,4
V3_reparo_grau_relativo,random_denso_n50_p30.txt,50,384,12,4,114842.0,4
V3_reparo_grau_relativo,random_denso_n50_p30.txt,50,384,13,4,115764.0,3
V3_reparo_grau_relativo,random_denso_n50_p30.txt,50,384,14,4,113977.0,4
V3_reparo_grau_relativo,random_denso_n50_p30.txt,50,384,15,4,114939.0,4
V3_reparo_grau_relativo,random_denso_n50_p30.txt,50,384,16,4,114078.0,4
V3_reparo_grau_relativo,random_denso_n50_p30.txt,50,384,17,4,115718.0,4
V3_reparo_grau_relativo,random_denso_n50_p30.txt,50,384,18,4,115593.0,4
V3_reparo_grau_relativo,random_denso_n50_p30.txt,50,384,19,4,114996.0,3
V3_reparo_grau_relativo,random_denso_n50_p30.txt,50,384,20,4,114811.0,3
V3_reparo_grau_relativo,random_denso_n50_p30.txt,50,384,21,4,114553.0,4
V3_reparo_grau_relativo,random_denso_n50_p30.txt,50,384,22,4,115232.0,3
V3_reparo_grau_relativo,random_denso_n50_p30.txt,50,384,23,4,115350.0,4
V3_reparo_grau_relativo,random_denso_n50_p30.txt,50,384,24,4,115038.0,4
V3_reparo_grau_relativo,random_denso_n50_p30.txt,50,384,25,4,115063.0,3
V3_reparo_grau_relativo,random_denso_n50_p30.txt,50,384,26,4,114681.0,4
V3_reparo_grau_relativo,random_denso_n50_p30.txt,50,384,27,4,115341.0,4
V3_reparo_grau_relativo,random_denso_n50_p30.txt,50,384,28,4,115485.0,4
V3_reparo_grau_relativo,random_denso_n50_p30.txt,50,384,29,4,115171.0,4
V3_reparo_grau_relativo,steam3.txt,80,424,0,8,136490.0,7
V3_reparo_grau_relativo,steam3.txt,80,424,1,7,141745.0,6
V3_reparo_grau_relativo,steam3.txt,80,424,2,7,140665.0,6
V3_reparo_grau_relativo,steam3.txt,80,424,3,7,192052.0,6
V3_reparo_grau_relativo,steam3.txt,80,424,4,7,185656.0,6
V3_reparo_grau_relativo,steam3.txt,80,424,5,8,138583.0,7
V3_reparo_grau_relativo,steam3.txt,80,424,6,7,264995.0,6
V3_reparo_grau_relativo,steam3.txt,80,424,7,8,141727.0,7
V3_reparo_grau_relativo,steam3.txt,80,424,8,7,146160.0,6
V3_reparo_grau_relativo,steam3.txt,80,424,9,7,147196.0,6
V3_reparo_grau_relativo,steam3.txt,80,424,10,8,141497.0,7
V3_reparo_grau_relativo,steam3.txt,80,424,11,8,156239.0,7
V3_reparo_grau_relativo,steam3.txt,80,424,12,8,155254.0,7
V3_reparo_grau_relativo,steam3.txt,80,424,13,8,156833.0,7
V3_reparo_grau_relativo,steam3.txt,80,424,14,7,162872.0,6
V3_reparo_grau_relativo,steam3.txt,80,424,15,7,171035.0,6
V3_reparo_grau_relativo,steam3.txt,80,424,16,7,159282.0,6
V3_reparo_grau_relativo,steam3.txt,80,424,17,7,156318.0,6
V3_reparo_grau_relativo,steam3.txt,80,424,18,7,153911.0,6
V3_reparo_grau_relativo,steam3.txt,80,424,19,7,169274.0,6
V3_reparo_grau_relativo,steam3.txt,80,424,20,7,160152.0,6
V3_reparo_grau_relativo,steam3.txt,80,424,21,7,157335.0,6
V3_reparo_grau_relativo,steam3.txt,80,424,22,8,155851.0,7
V3_reparo_grau_relativo,steam3.txt,80,424,23,7,152512.0,6
V3_reparo_grau_relativo,steam3.txt,80,424,24,7,253042.0,6
V3_reparo_grau_relativo,steam3.txt,80,424,25,7,159402.0,6
V3_reparo_grau_relativo,steam3.txt,80,424,26,7,171288.0,6
V3_reparo_grau_relativo,steam3.txt,80,424,27,7,180778.0,6
V3_reparo_grau_relativo,steam3.txt,80,424,28,7,155829.0,6
V3_reparo_grau_relativo,steam3.txt,80,424,29,7,199439.0,6
V3_reparo_grau_relativo,cubic_100.txt,100,150,0,30,164317.0,30
V3_reparo_grau_relativo,cubic_100.txt,100,150,1,29,151094.0,29
V3_reparo_grau_relativo,cubic_100.txt,100,150,2,29,174097.0,28
V3_reparo_grau_relativo,cubic_100.txt,100,150,3,29,156546.0,28
V3_reparo_grau_relativo,cubic_100.txt,100,150,4,29,190365.0,29
V3_reparo_grau_relativo,cubic_100.txt,100,150,5,29,153637.0,29
V3_reparo_grau_relativo,cubic_100.txt,100,150,6,29,157415.0,29
V3_reparo_grau_relativo,cubic_100.txt,100,150,7,29,148921.0,29
V3_reparo_grau_relativo,cubic_100.txt,100,150,8,30,140375.0,30
V3_reparo_grau_relativo,cubic_100.txt,100,150,9,29,189625.0,28
V3_reparo_grau_relativo,cubic_100.txt,100,150,10,29,150802.0,29
V3_reparo_grau_relativo,cubic_100.txt,100,150,11,29,153596.0,29
V3_reparo_grau_relativo,cubic_100.txt,100,150,12,29,154448.0,29
V3_reparo_grau_relativo,cubic_100.txt,100,150,13,29,158788.0,29
V3_reparo_grau_relativo,cubic_100.txt,100,150,14,29,163388.0,29
V3_reparo_grau_relativo,cubic_100.txt,100,150,15,29,198037.0,29
V3_reparo_grau_relativo,cubic_100.txt,100,150,16,28,198879.0,28
V3_reparo_grau_relativo,cubic_100.txt,100,150,17,29,153508.0,28
V3_reparo_grau_relativo,cubic_100.txt,100,150,18,29,155973.0,29
V3_reparo_grau_relativo,cubic_100.txt,100,150,19,29,191023.0,29
V3_reparo_grau_relativo,cubic_100.txt,100,150,20,29,237992.0,29
V3_reparo_grau_relativo,cubic_100.txt,100,150,21,29,154473.0,29
V3_reparo_grau_relativo,cubic_100.txt,100,150,22,30,140565.0,30
V3_reparo_grau_relativo,cubic_100.txt,100,150,23,29,144262.0,29
V3_reparo_grau_relativo,cubic_100.txt,100,150,24,29,152258.0,29
V3_reparo_grau_relativo,cubic_100.txt,100,150,25,29,224557.0,29
V3_reparo_grau_relativo,cubic_100.txt,100,150,26,29,161606.0,29
V3_reparo_grau_relativo,cubic_100.txt,100,150,27,29,155409.0,29
V3_reparo_grau_relativo,cubic_100.txt,100,150,28,29,140222.0,28
V3_reparo_grau_relativo,cubic_100.txt,100,150,29,29,161123.0,29
V3_reparo_grau_relativo,grade_10x10.txt,100,180,0,16,171285.0,16
V3_reparo_grau_relativo,grade_10x10.txt,100,180,1,16,207699.0,16
V3_reparo_grau_relativo,grade_10x10.txt,100,180,2,15,236389.0,15
V3_reparo_grau_relativo,grade_10x10.txt,100,180,3,15,288785.0,15
V3_reparo_grau_relativo,grade_10x10.txt,100,180,4,16,177587.0,16
V3_reparo_grau_relativo,grade_10x10.txt,100,180,5,16,172612.0,16
V3_reparo_grau_relativo,grade_10x10.txt,100,180,6,16,165448.0,16
V3_reparo_grau_relativo,grade_10x10.txt,100,180,7,16,163845.0,16
V3_reparo_grau_relativo,grade_10x10.txt,100,180,8,15,172786.0,15
V3_reparo_grau_relativo,grade_10x10.txt,100,180,9,16,163224.0,16
V3_reparo_grau_relativo,grade_10x10.txt,100,180,10,16,166407.0,16
V3_reparo_grau_relativo,grade_10x10.txt,100,180,11,16,160347.0,16
V3_reparo_grau_relativo,grade_10x10.txt,100,180,12,16,168516.0,16
V3_reparo_grau_relativo,grade_10x10.txt,100,180,13,16,192718.0,16
V3_reparo_grau_relativo,grade_10x10.txt,100,180,14,16,282911.0,16
V3_reparo_grau_relativo,grade_10x10.txt,100,180,15,16,181463.0,16
V3_reparo_grau_relativo,grade_10x10.txt,100,180,16,15,185587.0,15
V3_reparo_grau_relativo,grade_10x10.txt,100,180,17,15,178311.0,15
V3_reparo_grau_relativo,grade_10x10.txt,100,180,18,16,182387.0,16
V3_reparo_grau_relativo,grade_10x10.txt,100,180,19,16,170200.0,16
V3_reparo_grau_relativo,grade_10x10.txt,100,180,20,15,179357.0,15
V3_reparo_grau_relativo,grade_10x10.txt,100,180,21,15,189353.0,15
V3_reparo_grau_relativo,grade_10x10.txt,100,180,22,16,194751.0,16
V3_reparo_grau_relativo,grade_10x10.txt,100,180,23,16,171096.0,16
V3_reparo_grau_relativo,grade_10x10.txt,100,180,24,16,168989.0,16
V3_reparo_grau_relativo,grade_10x10.txt,100,180,25,15,196881.0,15
V3_reparo_grau_relativo,grade_10x10.txt,100,180,26,15,169780.0,15
V3_reparo_grau_relativo,grade_10x10.txt,100,180,27,15,193962.0,15
V3_reparo_grau_relativo,grade_10x10.txt,100,180,28,16,160066.0,16
V3_reparo_grau_relativo,grade_10x10.txt,100,180,29,16,171476.0,16
V3_reparo_grau_relativo,ciclo_n100.txt,100,100,0,52,359548.0,51
V3_reparo_grau_relativo,ciclo_n100.txt,100,100,1,53,227266.0,52
V3_reparo_grau_relativo,ciclo_n100.txt,100,100,2,54,213688.0,53
V3_reparo_grau_relativo,ciclo_n100.txt,100,100,3,54,248649.0,53
V3_reparo_grau_relativo,ciclo_n100.txt,100,100,4,53,223754.0,52
V3_reparo_grau_relativo,ciclo_n100.txt,100,100,5,52,230375.0,51
V3_reparo_grau_relativo,ciclo_n100.txt,100,100,6,53,331997.0,52
V3_reparo_grau_relativo,ciclo_n100.txt,100,100,7,53,211358.0,52
V3_reparo_grau_relativo,ciclo_n100.txt,100,100,8,52,326846.0,51
V3_reparo_grau_relativo,ciclo_n100.txt,100,100,9,51,478956.0,50
V3_reparo_grau_relativo,ciclo_n100.txt,100,100,10,52,211392.0,51
V3_reparo_grau_relativo,ciclo_n100.txt,100,100,11,53,209790.0,52
V3_reparo_grau_relativo,ciclo_n100.txt,100,100,12,52,196464.0,51
V3_reparo_grau_relativo,ciclo_n100.txt,100,100,13,52,201706.0,51
V3_reparo_grau_relativo,ciclo_n100.txt,100,100,14,52,239753.0,51
V3_reparo_grau_relativo,ciclo_n100.txt,100,100,15,53,189184.0,52
V3_reparo_grau_relativo,ciclo_n100.txt,100,100,16,52,217132.0,51
V3_reparo_grau_relativo,ciclo_n100.txt,100,100,17,53,182648.0,52
V3_reparo_grau_relativo,ciclo_n100.txt,100,100,18,52,252547.0,51
V3_reparo_grau_relativo,ciclo_n100.txt,100,100,19,53,188374.0,52
V3_reparo_grau_relativo,ciclo_n100.txt,100,100,20,52,188927.0,51
V3_reparo_grau_relativo,ciclo_n100.txt,100,100,21,52,174324.0,51
V3_reparo_grau_relativo,ciclo_n100.txt,100,100,22,53,177208.0,52
V3_reparo_grau_relativo,ciclo_n100.txt,100,100,23,52,189162.0,51
V3_reparo_grau_relativo,ciclo_n100.txt,100,100,24,53,183570.0,52
V3_reparo_grau_relativo,ciclo_n100.txt,100,100,25,53,208236.0,52
V3_reparo_grau_relativo,ciclo_n100.txt,100,100,26,53,211285.0,52
V3_reparo_grau_relativo,ciclo_n100.txt,100,100,27,52,212153.0,51
V3_reparo_grau_relativo,ciclo_n100.txt,100,100,28,53,244540.0,52
V3_reparo_grau_relativo,ciclo_n100.txt,100,100,29,53,223162.0,52
V3_reparo_grau_relativo,dwt__162.txt,162,510,0,12,277753.0,12
V3_reparo_grau_relativo,dwt__162.txt,162,510,1,12,266055.0,12
V3_reparo_grau_relativo,dwt__162.txt,162,510,2,12,264954.0,12
V3_reparo_grau_relativo,dwt__162.txt,162,510,3,12,268861.0,12
V3_reparo_grau_relativo,dwt__162.txt,162,510,4,11,345513.0,11
V3_reparo_grau_relativo,dwt__162.txt,162,510,5,12,285466.0,12
V3_reparo_grau_relativo,dwt__162.txt,162,510,6,12,269943.0,12
V3_reparo_grau_relativo,dwt__162.txt,162,510,7,11,301727.0,11
V3_reparo_grau_relativo,dwt__162.txt,162,510,8,12,280347.0,12
V3_reparo_grau_relativo,dwt__162.txt,162,510,9,11,281491.0,11
V3_reparo_grau_relativo,dwt__162.txt,162,510,10,12,258632.0,12
V3_reparo_grau_relativo,dwt__162.txt,162,510,11,12,297208.0,12
V3_reparo_grau_relativo,dwt__162.txt,162,510,12,12,268983.0,12
V3_reparo_grau_relativo,dwt__162.txt,162,510,13,12,262553.0,12
V3_reparo_grau_relativo,dwt__162.txt,162,510,14,11,295794.0,11
V3_reparo_grau_relativo,dwt__162.txt,162,510,15,11,292857.0,11
V3_reparo_grau_relativo,dwt__162.txt,162,510,16,11,309629.0,11
V3_reparo_grau_relativo,dwt__162.txt,162,510,17,12,266665.0,12
V3_reparo_grau_relativo,dwt__162.txt,162,510,18,11,287565.0,11
V3_reparo_grau_relativo,dwt__162.txt,162,510,19,12,261933.0,12
V3_reparo_grau_relativo,dwt__162.txt,162,510,20,12,269835.0,12
V3_reparo_grau_relativo,dwt__162.txt,162,510,21,11,278084.0,11
V3_reparo_grau_relativo,dwt__162.txt,162,510,22,11,295892.0,11
V3_reparo_grau_relativo,dwt__162.txt,162,510,23,12,257740.0,12
V3_reparo_grau_relativo,dwt__162.txt,162,510,24,11,272678.0,11
V3_reparo_grau_relativo,dwt__162.txt,162,510,25,11,467346.0,11
V3_reparo_grau_relativo,dwt__162.txt,162,510,26,12,287436.0,12
V3_reparo_grau_relativo,dwt__162.txt,162,510,27,12,302577.0,11
V3_reparo_grau_relativo,dwt__162.txt,162,510,28,11,304437.0,11
V3_reparo_grau_relativo,dwt__162.txt,162,510,29,12,305973.0,11
V3_reparo_grau_relativo,random_esparso_n200_d3.txt,200,481,0,14,391630.0,14
V3_reparo_grau_relativo,random_esparso_n200_d3.txt,200,481,1,14,373427.0,14
V3_reparo_grau_relativo,random_esparso_n200_d3.txt,200,481,2,14,368372.0,14
V3_reparo_grau_relativo,random_esparso_n200_d3.txt,200,481,3,14,356249.0,14
V3_reparo_grau_relativo,random_esparso_n200_d3.txt,200,481,4,13,375050.0,13
V3_reparo_grau_relativo,random_esparso_n200_d3.txt,200,481,5,13,418536.0,13
V3_reparo_grau_relativo,random_esparso_n200_d3.txt,200,481,6,13,402194.0,13
V3_reparo_grau_relativo,random_esparso_n200_d3.txt,200,481,7,13,405945.0,13
V3_reparo_grau_relativo,random_esparso_n200_d3.txt,200,481,8,14,363898.0,14
V3_reparo_grau_relativo,random_esparso_n200_d3.txt,200,481,9,13,397247.0,13
V3_reparo_grau_relativo,random_esparso_n200_d3.txt,200,481,10,14,386826.0,14
V3_reparo_grau_relativo,random_esparso_n200_d3.txt,200,481,11,13,374386.0,13
V3_reparo_grau_relativo,random_esparso_n200_d3.txt,200,481,12,14,373492.0,14
V3_reparo_grau_relativo,random_esparso_n200_d3.txt,200,481,13,13,399116.0,13
V3_reparo_grau_relativo,random_esparso_n200_d3.txt,200,481,14,13,392799.0,13
V3_reparo_grau_relativo,random_esparso_n200_d3.txt,200,481,15,13,400713.0,13
V3_reparo_grau_relativo,random_esparso_n200_d3.txt,200,481,16,13,481880.0,13
V3_reparo_grau_relativo,random_esparso_n200_d3.txt,200,481,17,13,464137.0,13
V3_reparo_grau_relativo,random_esparso_n200_d3.txt,200,481,18,14,387163.0,14
V3_reparo_grau_relativo,random_esparso_n200_d3.txt,200,481,19,14,388833.0,14
V3_reparo_grau_relativo,random_esparso_n200_d3.txt,200,481,20,14,381481.0,14
V3_reparo_grau_relativo,random_esparso_n200_d3.txt,200,481,21,14,371059.0,14
V3_reparo_grau_relativo,random_esparso_n200_d3.txt,200,481,22,14,362842.0,14
V3_reparo_grau_relativo,random_esparso_n200_d3.txt,200,481,23,14,383544.0,14
V3_reparo_grau_relativo,random_esparso_n200_d3.txt,200,481,24,13,391587.0,13
V3_reparo_grau_relativo,random_esparso_n200_d3.txt,200,481,25,14,376919.0,14
V3_reparo_grau_relativo,random_esparso_n200_d3.txt,200,481,26,13,713658.0,13
V3_reparo_grau_relativo,random_esparso_n200_d3.txt,200,481,27,13,472972.0,13
V3_reparo_grau_relativo,random_esparso_n200_d3.txt,200,481,28,13,398831.0,13
V3_reparo_grau_relativo,random_esparso_n200_d3.txt,200,481,29,13,432570.0,13
V3_reparo_grau_relativo,cycle10-order250.txt,250,250,0,131,1435690.0,130
V3_reparo_grau_relativo,cycle10-order250.txt,250,250,1,130,1520400.0,129
V3_reparo_grau_relativo,cycle10-order250.txt,250,250,2,133,1060560.0,132
V3_reparo_grau_relativo,cycle10-order250.txt,250,250,3,130,1411530.0,129
V3_reparo_grau_relativo,cycle10-order250.txt,250,250,4,131,1014190.0,130
V3_reparo_grau_relativo,cycle10-order250.txt,250,250,5,132,1240350.0,131
V3_reparo_grau_relativo,cycle10-order250.txt,250,250,6,132,863183.0,131
V3_reparo_grau_relativo,cycle10-order250.txt,250,250,7,130,1026920.0,129
V3_reparo_grau_relativo,cycle10-order250.txt,250,250,8,133,894826.0,132
V3_reparo_grau_relativo,cycle10-order250.txt,250,250,9,132,1453290.0,131
V3_reparo_grau_relativo,cycle10-order250.txt,250,250,10,134,993348.0,133
V3_reparo_grau_relativo,cycle10-order250.txt,250,250,11,133,894182.0,132
V3_reparo_grau_relativo,cycle10-order250.txt,250,250,12,131,897898.0,130
V3_reparo_grau_relativo,cycle10-order250.txt,250,250,13,131,1570080.0,130
V3_reparo_grau_relativo,cycle10-order250.txt,250,250,14,132,892461.0,131
V3_reparo_grau_relativo,cycle10-order250.txt,250,250,15,132,916752.0,131
V3_reparo_grau_relativo,cycle10-order250.txt,250,250,16,133,1185890.0,132
V3_reparo_grau_relativo,cycle10-order250.txt,250,250,17,133,773574.0,132
V3_reparo_grau_relativo,cycle10-order250.txt,250,250,18,131,948130.0,130
V3_reparo_grau_relativo,cycle10-order250.txt,250,250,19,132,1132380.0,131
V3_reparo_grau_relativo,cycle10-order250.txt,250,250,20,128,1100870.0,127
V3_reparo_grau_relativo,cycle10-order250.txt,250,250,21,131,1644090.0,130
V3_reparo_grau_relativo,cycle10-order250.txt,250,250,22,131,1519910.0,130
V3_reparo_grau_relativo,cycle10-order250.txt,250,250,23,130,1078490.0,129
V3_reparo_grau_relativo,cycle10-order250.txt,250,250,24,131,1515970.0,130
V3_reparo_grau_relativo,cycle10-order250.txt,250,250,25,133,1301310.0,132
V3_reparo_grau_relativo,cycle10-order250.txt,250,250,26,130,1000490.0,129
V3_reparo_grau_relativo,cycle10-order250.txt,250,250,27,133,842436.0,132
V3_reparo_grau_relativo,cycle10-order250.txt,250,250,28,132,936234.0,131
V3_reparo_grau_relativo,cycle10-order250.txt,250,250,29,131,2596370.0,130
V3_reparo_grau_relativo,nos7.txt,729,1944,0,24,1871940.0,24
V3_reparo_grau_relativo,nos7.txt,729,1944,1,24,1409620.0,24
V3_reparo_grau_relativo,nos7.txt,729,1944,2,24,1528640.0,24
V3_reparo_grau_relativo,nos7.txt,729,1944,3,23,1430680.0,22
V3_reparo_grau_relativo,nos7.txt,729,1944,4,24,1441690.0,23
V3_reparo_grau_relativo,nos7.txt,729,1944,5,26,1805520.0,26
V3_reparo_grau_relativo,nos7.txt,729,1944,6,23,1692220.0,23
V3_reparo_grau_relativo,nos7.txt,729,1944,7,25,1971660.0,25
V3_reparo_grau_relativo,nos7.txt,729,1944,8,25,1685290.0,25
V3_reparo_grau_relativo,nos7.txt,729,1944,9,24,1592170.0,24
V3_reparo_grau_relativo,nos7.txt,729,1944,10,24,1490130.0,24
V3_reparo_grau_relativo,nos7.txt,729,1944,11,25,1874170.0,25
V3_reparo_grau_relativo,nos7.txt,729,1944,12,23,1768610.0,23
V3_reparo_grau_relativo,nos7.txt,729,1944,13,24,1455980.0,23
V3_reparo_grau_relativo,nos7.txt,729,1944,14,24,1663350.0,23
V3_reparo_grau_relativo,nos7.txt,729,1944,15,24,1790550.0,24
V3_reparo_grau_relativo,nos7.txt,729,1944,16,25,1383480.0,25
V3_reparo_grau_relativo,nos7.txt,729,1944,17,24,1522290.0,24
V3_reparo_grau_relativo,nos7.txt,729,1944,18,24,1494610.0,24
V3_reparo_grau_relativo,nos7.txt,729,1944,19,25,1518600.0,24
V3_reparo_grau_relativo,nos7.txt,729,1944,20,24,1493400.0,24
V3_reparo_grau_relativo,nos7.txt,729,1944,21,25,1560240.0,25
V3_reparo_grau_relativo,nos7.txt,729,1944,22,25,1778480.0,25
V3_reparo_grau_relativo,nos7.txt,729,1944,23,23,1457500.0,22
V3_reparo_grau_relativo,nos7.txt,729,1944,24,24,1468680.0,24
V3_reparo_grau_relativo,nos7.txt,729,1944,25,24,1582310.0,24
V3_reparo_grau_relativo,nos7.txt,729,1944,26,24,1436530.0,24
V3_reparo_grau_relativo,nos7.txt,729,1944,27,25,1653530.0,25
V3_reparo_grau_relativo,nos7.txt,729,1944,28,24,1608460.0,24
V3_reparo_grau_relativo,nos7.txt,729,1944,29,23,1697190.0,23
V4_gatilho,cycle1-order25.txt,25,25,0,14,42618.0,13
V4_gatilho,cycle1-order25.txt,25,25,1,14,42835.0,13
V4_gatilho,cycle1-order25.txt,25,25,2,14,39884.0,13
V4_gatilho,cycle1-order25.txt,25,25,3,14,37177.0,13
V4_gatilho,cycle1-order25.txt,25,25,4,14,34502.0,13
V4_gatilho,cycle1-order25.txt,25,25,5,14,34893.0,13
V4_gatilho,cycle1-order25.txt,25,25,6,14,36099.0,13
V4_gatilho,cycle1-order25.txt,25,25,7,14,36274.0,13
V4_gatilho,cycle1-order25.txt,25,25,8,14,36187.0,13
V4_gatilho,cycle1-order25.txt,25,25,9,14,35013.0,13
V4_gatilho,cycle1-order25.txt,25,25,10,14,35481.0,13
V4_gatilho,cycle1-order25.txt,25,25,11,14,36179.0,13
V4_gatilho,cycle1-order25.txt,25,25,12,14,36293.0,13
V4_gatilho,cycle1-order25.txt,25,25,13,14,36203.0,13
V4_gatilho,cycle1-order25.txt,25,25,14,14,37219.0,13
V4_gatilho,cycle1-order25.txt,25,25,15,14,37181.0,13
V4_gatilho,cycle1-order25.txt,25,25,16,14,36635.0,13
V4_gatilho,cycle1-order25.txt,25,25,17,14,37536.0,13
V4_gatilho,cycle1-order25.txt,25,25,18,14,36128.0,13
V4_gatilho,cycle1-order25.txt,25,25,19,14,36211.0,13
V4_gatilho,cycle1-order25.txt,25,25,20,14,36178.0,13
V4_gatilho,cycle1-order25.txt,25,25,21,14,36243.0,13
V4_gatilho,cycle1-order25.txt,25,25,22,14,37106.0,13
V4_gatilho,cycle1-order25.txt,25,25,23,14,36826.0,13
V4_gatilho,cycle1-order25.txt,25,25,24,14,38604.0,13
V4_gatilho,cycle1-order25.txt,25,25,25,14,39371.0,13
V4_gatilho,cycle1-order25.txt,25,25,26,14,44774.0,13
V4_gatilho,cycle1-order25.txt,25,25,27,14,36667.0,13
V4_gatilho,cycle1-order25.txt,25,25,28,14,33706.0,13
V4_gatilho,cycle1-order25.txt,25,25,29,14,35390.0,13
V4_gatilho,random_denso_n50_p30.txt,50,384,0,4,125055.0,4
V4_gatilho,random_denso_n50_p30.txt,50,384,1,4,120131.0,3
V4_gatilho,random_denso_n50_p30.txt,50,384,2,4,120041.0,4
V4_gatilho,random_denso_n50_p30.txt,50,384,3,4,120196.0,3
V4_gatilho,random_denso_n50_p30.txt,50,384,4,4,121003.0,4
V4_gatilho,random_denso_n50_p30.txt,50,384,5,4,123366.0,3
V4_gatilho,random_denso_n50_p30.txt,50,384,6,4,121305.0,3
V4_gatilho,random_denso_n50_p30.txt,50,384,7,4,119355.0,4
V4_gatilho,random_denso_n50_p30.txt,50,384,8,4,123185.0,4
V4_gatilho,random_denso_n50_p30.txt,50,384,9,4,121433.0,4
V4_gatilho,random_denso_n50_p30.txt,50,384,10,4,119282.0,4
V4_gatilho,random_denso_n50_p30.txt,50,384,11,4,121565.0,4
V4_gatilho,random_denso_n50_p30.txt,50,384,12,4,121466.0,4
V4_gatilho,random_denso_n50_p30.txt,50,384,13,4,122977.0,4
V4_gatilho,random_denso_n50_p30.txt,50,384,14,4,120907.0,3
V4_gatilho,random_denso_n50_p30.txt,50,384,15,4,119942.0,4
V4_gatilho,random_denso_n50_p30.txt,50,384,16,4,120474.0,4
V4_gatilho,random_denso_n50_p30.txt,50,384,17,4,120450.0,4
V4_gatilho,random_denso_n50_p30.txt,50,384,18,4,121451.0,4
V4_gatilho,random_denso_n50_p30.txt,50,384,19,4,121067.0,3
V4_gatilho,random_denso_n50_p30.txt,50,384,20,4,121371.0,4
V4_gatilho,random_denso_n50_p30.txt,50,384,21,4,119238.0,4
V4_gatilho,random_denso_n50_p30.txt,50,384,22,4,123348.0,4
V4_gatilho,random_denso_n50_p30.txt,50,384,23,4,120110.0,4
V4_gatilho,random_denso_n50_p30.txt,50,384,24,4,119309.0,4
V4_gatilho,random_denso_n50_p30.txt,50,384,25,4,120397.0,4
V4_gatilho,random_denso_n50_p30.txt,50,384,26,4,121678.0,4
V4_gatilho,random_denso_n50_p30.txt,50,384,27,4,118724.0,3
V4_gatilho,random_denso_n50_p30.txt,50,384,28,4,122230.0,3
V4_gatilho,random_denso_n50_p30.txt,50,384,29,4,120293.0,4
V4_gatilho,steam3.txt,80,424,0,7,130273.0,6
V4_gatilho,steam3.txt,80,424,1,7,122532.0,6
V4_gatilho,steam3.txt,80,424,2,7,120765.0,6
V4_gatilho,steam3.txt,80,424,3,7,127197.0,6
V4_gatilho,steam3.txt,80,424,4,7,125438.0,6
V4_gatilho,steam3.txt,80,424,5,7,120467.0,6
V4_gatilho,steam3.txt,80,424,6,7,230370.0,6
V4_gatilho,steam3.txt,80,424,7,7,128079.0,6
V4_gatilho,steam3.txt,80,424,8,8,124580.0,7
V4_gatilho,steam3.txt,80,424,9,7,137760.0,6
V4_gatilho,steam3.txt,80,424,10,7,121088.0,6
V4_gatilho,steam3.txt,80,424,11,7,148760.0,6
V4_gatilho,steam3.txt,80,424,12,7,197749.0,6
V4_gatilho,steam3.txt,80,424,13,7,132659.0,6
V4_gatilho,steam3.txt,80,424,14,7,129290.0,6
V4_gatilho,steam3.txt,80,424,15,7,149237.0,6
V4_gatilho,steam3.txt,80,424,16,7,151880.0,6
V4_gatilho,steam3.txt,80,424,17,7,133701.0,6
V4_gatilho,steam3.txt,80,424,18,7,139010.0,6
V4_gatilho,steam3.txt,80,424,19,7,165311.0,6
V4_gatilho,steam3.txt,80,424,20,7,129413.0,6
V4_gatilho,steam3.txt,80,424,21,7,152862.0,6
V4_gatilho,steam3.txt,80,424,22,7,118288.0,6
V4_gatilho,steam3.txt,80,424,23,7,150465.0,6
V4_gatilho,steam3.txt,80,424,24,8,123534.0,7
V4_gatilho,steam3.txt,80,424,25,7,124099.0,6
V4_gatilho,steam3.txt,80,424,26,7,138090.0,6
V4_gatilho,steam3.txt,80,424,27,7,130462.0,6
V4_gatilho,steam3.txt,80,424,28,7,134211.0,6
V4_gatilho,steam3.txt,80,424,29,7,126802.0,6
V4_gatilho,cubic_100.txt,100,150,0,29,417483.0,29
V4_gatilho,cubic_100.txt,100,150,1,29,357362.0,29
V4_gatilho,cubic_100.txt,100,150,2,29,300086.0,29
V4_gatilho,cubic_100.txt,100,150,3,29,294556.0,28
V4_gatilho,cubic_100.txt,100,150,4,29,308268.0,29
V4_gatilho,cubic_100.txt,100,150,5,29,315604.0,29
V4_gatilho,cubic_100.txt,100,150,6,29,345487.0,28
V4_gatilho,cubic_100.txt,100,150,7,29,251914.0,29
V4_gatilho,cubic_100.txt,100,150,8,29,331252.0,28
V4_gatilho,cubic_100.txt,100,150,9,29,339136.0,29
V4_gatilho,cubic_100.txt,100,150,10,29,410300.0,28
V4_gatilho,cubic_100.txt,100,150,11,29,297127.0,29
V4_gatilho,cubic_100.txt,100,150,12,29,360129.0,29
V4_gatilho,cubic_100.txt,100,150,13,29,331074.0,28
V4_gatilho,cubic_100.txt,100,150,14,29,345958.0,29
V4_gatilho,cubic_100.txt,100,150,15,29,330923.0,29
V4_gatilho,cubic_100.txt,100,150,16,29,322231.0,29
V4_gatilho,cubic_100.txt,100,150,17,29,423128.0,29
V4_gatilho,cubic_100.txt,100,150,18,29,389498.0,28
V4_gatilho,cubic_100.txt,100,150,19,29,288729.0,29
V4_gatilho,cubic_100.txt,100,150,20,29,313619.0,29
V4_gatilho,cubic_100.txt,100,150,21,29,270759.0,29
V4_gatilho,cubic_100.txt,100,150,22,29,339069.0,29
V4_gatilho,cubic_100.txt,100,150,23,29,352888.0,29
V4_gatilho,cubic_100.txt,100,150,24,29,301867.0,28
V4_gatilho,cubic_100.txt,100,150,25,28,354906.0,28
V4_gatilho,cubic_100.txt,100,150,26,29,325974.0,28
V4_gatilho,cubic_100.txt,100,150,27,29,273536.0,29
V4_gatilho,cubic_100.txt,100,150,28,29,311561.0,28
V4_gatilho,cubic_100.txt,100,150,29,29,340411.0,29
V4_gatilho,grade_10x10.txt,100,180,0,15,206949.0,15
V4_gatilho,grade_10x10.txt,100,180,1,15,289550.0,15
V4_gatilho,grade_10x10.txt,100,180,2,16,173706.0,15
V4_gatilho,grade_10x10.txt,100,180,3,15,204383.0,15
V4_gatilho,grade_10x10.txt,100,180,4,15,179248.0,15
V4_gatilho,grade_10x10.txt,100,180,5,15,184585.0,15
V4_gatilho,grade_10x10.txt,100,180,6,15,247307.0,15
V4_gatilho,grade_10x10.txt,100,180,7,15,199191.0,15
V4_gatilho,grade_10x10.txt,100,180,8,15,170954.0,15
V4_gatilho,grade_10x10.txt,100,180,9,16,177195.0,16
V4_gatilho,grade_10x10.txt,100,180,10,15,224168.0,15
V4_gatilho,grade_10x10.txt,100,180,11,15,193337.0,15
V4_gatilho,grade_10x10.txt,100,180,12,15,206632.0,15
V4_gatilho,grade_10x10.txt,100,180,13,15,182327.0,15
V4_gatilho,grade_10x10.txt,100,180,14,15,288208.0,15
V4_gatilho,grade_10x10.txt,100,180,15,15,168229.0,15
V4_gatilho,grade_10x10.txt,100,180,16,15,192749.0,15
V4_gatilho,grade_10x10.txt,100,180,17,16,164826.0,16
V4_gatilho,grade_10x10.txt,100,180,18,16,173396.0,15
V4_gatilho,grade_10x10.txt,100,180,19,16,181425.0,16
V4_gatilho,grade_10x10.txt,100,180,20,16,173726.0,16
V4_gatilho,grade_10x10.txt,100,180,21,15,239256.0,15
V4_gatilho,grade_10x10.txt,100,180,22,16,172171.0,16
V4_gatilho,grade_10x10.txt,100,180,23,15,226802.0,15
V4_gatilho,grade_10x10.txt,100,180,24,16,163780.0,16
V4_gatilho,grade_10x10.txt,100,180,25,15,167133.0,15
V4_gatilho,grade_10x10.txt,100,180,26,16,179601.0,16
V4_gatilho,grade_10x10.txt,100,180,27,15,173892.0,15
V4_gatilho,grade_10x10.txt,100,180,28,16,154392.0,16
V4_gatilho,grade_10x10.txt,100,180,29,16,164986.0,16
V4_gatilho,ciclo_n100.txt,100,100,0,51,159055.0,50
V4_gatilho,ciclo_n100.txt,100,100,1,51,141787.0,50
V4_gatilho,ciclo_n100.txt,100,100,2,51,139828.0,50
V4_gatilho,ciclo_n100.txt,100,100,3,51,139084.0,50
V4_gatilho,ciclo_n100.txt,100,100,4,51,147741.0,50
V4_gatilho,ciclo_n100.txt,100,100,5,51,145973.0,50
V4_gatilho,ciclo_n100.txt,100,100,6,51,151841.0,50
V4_gatilho,ciclo_n100.txt,100,100,7,51,146703.0,50
V4_gatilho,ciclo_n100.txt,100,100,8,51,147552.0,50
V4_gatilho,ciclo_n100.txt,100,100,9,51,144692.0,50
V4_gatilho,ciclo_n100.txt,100,100,10,51,146805.0,50
V4_gatilho,ciclo_n100.txt,100,100,11,51,149988.0,50
V4_gatilho,ciclo_n100.txt,100,100,12,51,149166.0,50
V4_gatilho,ciclo_n100.txt,100,100,13,51,148917.0,50
V4_gatilho,ciclo_n100.txt,100,100,14,51,140835.0,50
V4_gatilho,ciclo_n100.txt,100,100,15,51,142587.0,50
V4_gatilho,ciclo_n100.txt,100,100,16,51,145405.0,50
V4_gatilho,ciclo_n100.txt,100,100,17,51,144772.0,50
V4_gatilho,ciclo_n100.txt,100,100,18,51,146563.0,50
V4_gatilho,ciclo_n100.txt,100,100,19,51,157688.0,50
V4_gatilho,ciclo_n100.txt,100,100,20,51,157741.0,50
V4_gatilho,ciclo_n100.txt,100,100,21,51,157276.0,50
V4_gatilho,ciclo_n100.txt,100,100,22,51,157382.0,50
V4_gatilho,ciclo_n100.txt,100,100,23,51,157471.0,50
V4_gatilho,ciclo_n100.txt,100,100,24,51,157932.0,50
V4_gatilho,ciclo_n100.txt,100,100,25,51,157690.0,50
V4_gatilho,ciclo_n100.txt,100,100,26,51,157449.0,50
V4_gatilho,ciclo_n100.txt,100,100,27,51,157480.0,50
V4_gatilho,ciclo_n100.txt,100,100,28,51,157786.0,50
V4_gatilho,ciclo_n100.txt,100,100,29,51,157332.0,50
V4_gatilho,dwt__162.txt,162,510,0,11,283163.0,11
V4_gatilho,dwt__162.txt,162,510,1,11,278909.0,11
V4_gatilho,dwt__162.txt,162,510,2,11,439028.0,10
V4_gatilho,dwt__162.txt,162,510,3,11,257452.0,11
V4_gatilho,dwt__162.txt,162,510,4,11,275988.0,11
V4_gatilho,dwt__162.txt,162,510,5,12,270840.0,11
V4_gatilho,dwt__162.txt,162,510,6,11,266886.0,11
V4_gatilho,dwt__162.txt,162,510,7,11,265346.0,11
V4_gatilho,dwt__162.txt,162,510,8,12,260116.0,12
V4_gatilho,dwt__162.txt,162,510,9,11,281113.0,11
V4_gatilho,dwt__162.txt,162,510,10,11,265902.0,10
V4_gatilho,dwt__162.txt,162,510,11,11,329527.0,11
V4_gatilho,dwt__162.txt,162,510,12,11,270649.0,11
V4_gatilho,dwt__162.txt,162,510,13,11,269118.0,11
V4_gatilho,dwt__162.txt,162,510,14,11,273608.0,11
V4_gatilho,dwt__162.txt,162,510,15,11,273795.0,11
V4_gatilho,dwt__162.txt,162,510,16,11,450142.0,11
V4_gatilho,dwt__162.txt,162,510,17,11,268021.0,11
V4_gatilho,dwt__162.txt,162,510,18,11,311701.0,11
V4_gatilho,dwt__162.txt,162,510,19,11,280397.0,11
V4_gatilho,dwt__162.txt,162,510,20,11,269521.0,11
V4_gatilho,dwt__162.txt,162,510,21,11,279014.0,11
V4_gatilho,dwt__162.txt,162,510,22,12,271531.0,12
V4_gatilho,dwt__162.txt,162,510,23,11,305123.0,11
V4_gatilho,dwt__162.txt,162,510,24,11,305744.0,11
V4_gatilho,dwt__162.txt,162,510,25,12,254638.0,12
V4_gatilho,dwt__162.txt,162,510,26,11,263434.0,11
V4_gatilho,dwt__162.txt,162,510,27,11,251119.0,11
V4_gatilho,dwt__162.txt,162,510,28,11,257075.0,11
V4_gatilho,dwt__162.txt,162,510,29,11,257509.0,11
V4_gatilho,random_esparso_n200_d3.txt,200,481,0,13,366442.0,13
V4_gatilho,random_esparso_n200_d3.txt,200,481,1,14,396640.0,14
V4_gatilho,random_esparso_n200_d3.txt,200,481,2,13,369716.0,13
V4_gatilho,random_esparso_n200_d3.txt,200,481,3,14,379997.0,14
V4_gatilho,random_esparso_n200_d3.txt,200,481,4,14,373308.0,14
V4_gatilho,random_esparso_n200_d3.txt,200,481,5,13,357540.0,13
V4_gatilho,random_esparso_n200_d3.txt,200,481,6,13,380607.0,13
V4_gatilho,random_esparso_n200_d3.txt,200,481,7,14,366912.0,14
V4_gatilho,random_esparso_n200_d3.txt,200,481,8,13,362065.0,13
V4_gatilho,random_esparso_n200_d3.txt,200,481,9,13,376845.0,13
V4_gatilho,random_esparso_n200_d3.txt,200,481,10,13,373849.0,13
V4_gatilho,random_esparso_n200_d3.txt,200,481,11,13,385409.0,13
V4_gatilho,random_esparso_n200_d3.txt,200,481,12,13,393529.0,13
V4_gatilho,random_esparso_n200_d3.txt,200,481,13,13,378631.0,13
V4_gatilho,random_esparso_n200_d3.txt,200,481,14,13,480287.0,13
V4_gatilho,random_esparso_n200_d3.txt,200,481,15,14,587541.0,14
V4_gatilho,random_esparso_n200_d3.txt,200,481,16,13,381109.0,13
V4_gatilho,random_esparso_n200_d3.txt,200,481,17,13,400239.0,13
V4_gatilho,random_esparso_n200_d3.txt,200,481,18,13,529662.0,13
V4_gatilho,random_esparso_n200_d3.txt,200,481,19,13,393348.0,13
V4_gatilho,random_esparso_n200_d3.txt,200,481,20,14,382542.0,14
V4_gatilho,random_esparso_n200_d3.txt,200,481,21,13,376856.0,13
V4_gatilho,random_esparso_n200_d3.txt,200,481,22,13,462033.0,13
V4_gatilho,random_esparso_n200_d3.txt,200,481,23,13,414367.0,13
V4_gatilho,random_esparso_n200_d3.txt,200,481,24,13,450981.0,13
V4_gatilho,random_esparso_n200_d3.txt,200,481,25,13,637806.0,13
V4_gatilho,random_esparso_n200_d3.txt,200,481,26,13,415854.0,13
V4_gatilho,random_esparso_n200_d3.txt,200,481,27,13,396165.0,13
V4_gatilho,random_esparso_n200_d3.txt,200,481,28,13,371817.0,13
V4_gatilho,random_esparso_n200_d3.txt,200,481,29,13,460872.0,13
V4_gatilho,cycle10-order250.txt,250,250,0,126,395010.0,125
V4_gatilho,cycle10-order250.txt,250,250,1,126,397688.0,125
V4_gatilho,cycle10-order250.txt,250,250,2,126,399877.0,125
V4_gatilho,cycle10-order250.txt,250,250,3,126,401241.0,125
V4_gatilho,cycle10-order250.txt,250,250,4,126,386235.0,125
V4_gatilho,cycle10-order250.txt,250,250,5,126,378349.0,125
V4_gatilho,cycle10-order250.txt,250,250,6,126,384517.0,125
V4_gatilho,cycle10-order250.txt,250,250,7,126,373210.0,125
V4_gatilho,cycle10-order250.txt,250,250,8,126,381049.0,125
V4_gatilho,cycle10-order250.txt,250,250,9,126,379883.0,125
V4_gatilho,cycle10-order250.txt,250,250,10,126,389822.0,125
V4_gatilho,cycle10-order250.txt,250,250,11,126,393181.0,125
V4_gatilho,cycle10-order250.txt,250,250,12,126,409496.0,125
V4_gatilho,cycle10-order250.txt,250,250,13,126,389495.0,125
V4_gatilho,cycle10-order250.txt,250,250,14,126,404555.0,125
V4_gatilho,cycle10-order250.txt,250,250,15,126,409712.0,125
V4_gatilho,cycle10-order250.txt,250,250,16,126,409897.0,125
V4_gatilho,cycle10-order250.txt,250,250,17,126,409379.0,125
V4_gatilho,cycle10-order250.txt,250,250,18,126,384910.0,125
V4_gatilho,cycle10-order250.txt,250,250,19,126,411398.0,125
V4_gatilho,cycle10-order250.txt,250,250,20,126,410360.0,125
V4_gatilho,cycle10-order250.txt,250,250,21,126,410071.0,125
V4_gatilho,cycle10-order250.txt,250,250,22,126,409029.0,125
V4_gatilho,cycle10-order250.txt,250,250,23,126,409743.0,125
V4_gatilho,cycle10-order250.txt,250,250,24,126,408357.0,125
V4_gatilho,cycle10-order250.txt,250,250,25,126,409125.0,125
V4_gatilho,cycle10-order250.txt,250,250,26,126,408603.0,125
V4_gatilho,cycle10-order250.txt,250,250,27,126,409288.0,125
V4_gatilho,cycle10-order250.txt,250,250,28,126,391155.0,125
V4_gatilho,cycle10-order250.txt,250,250,29,126,388286.0,125
V4_gatilho,nos7.txt,729,1944,0,25,1535560.0,25
V4_gatilho,nos7.txt,729,1944,1,24,1509830.0,24
V4_gatilho,nos7.txt,729,1944,2,24,1742320.0,24
V4_gatilho,nos7.txt,729,1944,3,24,1762120.0,24
V4_gatilho,nos7.txt,729,1944,4,23,3996270.0,23
V4_gatilho,nos7.txt,729,1944,5,25,1533270.0,25
V4_gatilho,nos7.txt,729,1944,6,23,1725500.0,23
V4_gatilho,nos7.txt,729,1944,7,24,1718490.0,24
V4_gatilho,nos7.txt,729,1944,8,24,1684730.0,24
V4_gatilho,nos7.txt,729,1944,9,24,1525520.0,24
V4_gatilho,nos7.txt,729,1944,10,24,1733780.0,24
V4_gatilho,nos7.txt,729,1944,11,25,1491230.0,24
V4_gatilho,nos7.txt,729,1944,12,24,1563410.0,24
V4_gatilho,nos7.txt,729,1944,13,24,1539760.0,24
V4_gatilho,nos7.txt,729,1944,14,23,1761600.0,23
V4_gatilho,nos7.txt,729,1944,15,24,1545090.0,24
V4_gatilho,nos7.txt,729,1944,16,25,1653670.0,25
V4_gatilho,nos7.txt,729,1944,17,24,2430420.0,23
V4_gatilho,nos7.txt,729,1944,18,24,1790790.0,24
V4_gatilho,nos7.txt,729,1944,19,23,2080130.0,23
V4_gatilho,nos7.txt,729,1944,20,24,1519740.0,24
V4_gatilho,nos7.txt,729,1944,21,24,1585870.0,24
V4_gatilho,nos7.txt,729,1944,22,23,2131900.0,23
V4_gatilho,nos7.txt,729,1944,23,23,1771780.0,23
V4_gatilho,nos7.txt,729,1944,24,24,1959540.0,24
V4_gatilho,nos7.txt,729,1944,25,25,1694520.0,25
V4_gatilho,nos7.txt,729,1944,26,23,2699040.0,23
V4_gatilho,nos7.txt,729,1944,27,24,1727310.0,24
V4_gatilho,nos7.txt,729,1944,28,24,1719260.0,24
V4_gatilho,nos7.txt,729,1944,29,23,1818010.0,23
V4_reparo_gatilho,cycle1-order25.txt,25,25,0,14,60243.0,13
V4_reparo_gatilho,cycle1-order25.txt,25,25,1,14,48680.0,13
V4_reparo_gatilho,cycle1-order25.txt,25,25,2,14,46176.0,13
V4_reparo_gatilho,cycle1-order25.txt,25,25,3,14,46817.0,13
V4_reparo_gatilho,cycle1-order25.txt,25,25,4,14,46012.0,13
V4_reparo_gatilho,cycle1-order25.txt,25,25,5,14,47166.0,13
V4_reparo_gatilho,cycle1-order25.txt,25,25,6,14,44162.0,13
V4_reparo_gatilho,cycle1-order25.txt,25,25,7,14,45649.0,13
V4_reparo_gatilho,cycle1-order25.txt,25,25,8,14,44606.0,13
V4_reparo_gatilho,cycle1-order25.txt,25,25,9,14,45342.0,13
V4_reparo_gatilho,cycle1-order25.txt,25,25,10,14,46843.0,13
V4_reparo_gatilho,cycle1-order25.txt,25,25,11,14,47634.0,13
V4_reparo_gatilho,cycle1-order25.txt,25,25,12,14,46467.0,13
V4_reparo_gatilho,cycle1-order25.txt,25,25,13,14,46557.0,13
V4_reparo_gatilho,cycle1-order25.txt,25,25,14,14,44854.0,13
V4_reparo_gatilho,cycle1-order25.txt,25,25,15,14,46767.0,13
V4_reparo_gatilho,cycle1-order25.txt,25,25,16,14,45658.0,13
V4_reparo_gatilho,cycle1-order25.txt,25,25,17,14,46516.0,13
V4_reparo_gatilho,cycle1-order25.txt,25,25,18,14,46924.0,13
V4_reparo_gatilho,cycle1-order25.txt,25,25,19,14,47047.0,13
V4_reparo_gatilho,cycle1-order25.txt,25,25,20,14,45642.0,13
V4_reparo_gatilho,cycle1-order25.txt,25,25,21,14,45931.0,13
V4_reparo_gatilho,cycle1-order25.txt,25,25,22,14,43470.0,13
V4_reparo_gatilho,cycle1-order25.txt,25,25,23,14,47249.0,13
V4_reparo_gatilho,cycle1-order25.txt,25,25,24,14,45578.0,13
V4_reparo_gatilho,cycle1-order25.txt,25,25,25,14,45185.0,13
V4_reparo_gatilho,cycle1-order25.txt,25,25,26,14,45893.0,13
V4_reparo_gatilho,cycle1-order25.txt,25,25,27,14,44113.0,13
V4_reparo_gatilho,cycle1-order25.txt,25,25,28,14,44182.0,13
V4_reparo_gatilho,cycle1-order25.txt,25,25,29,14,44501.0,13
V4_reparo_gatilho,random_denso_n50_p30.txt,50,384,0,4,102833.0,4
V4_reparo_gatilho,random_denso_n50_p30.txt,50,384,1,4,101939.0,3
V4_reparo_gatilho,random_denso_n50_p30.txt,50,384,2,4,98783.0,4
V4_reparo_gatilho,random_denso_n50_p30.txt,50,384,3,4,99002.0,4
V4_reparo_gatilho,random_denso_n50_p30.txt,50,384,4,4,99306.0,4
V4_reparo_gatilho,random_denso_n50_p30.txt,50,384,5,4,97831.0,4
V4_reparo_gatilho,random_denso_n50_p30.txt,50,384,6,4,99310.0,4
V4_reparo_gatilho,random_denso_n50_p30.txt,50,384,7,4,98778.0,3
V4_reparo_gatilho,random_denso_n50_p30.txt,50,384,8,4,98612.0,4
V4_reparo_gatilho,random_denso_n50_p30.txt,50,384,9,4,100216.0,4
V4_reparo_gatilho,random_denso_n50_p30.txt,50,384,10,4,100734.0,4
V4_reparo_gatilho,random_denso_n50_p30.txt,50,384,11,4,101475.0,4
V4_reparo_gatilho,random_denso_n50_p30.txt,50,384,12,4,101655.0,4
V4_reparo_gatilho,random_denso_n50_p30.txt,50,384,13,4,102475.0,3
V4_reparo_gatilho,random_denso_n50_p30.txt,50,384,14,4,98618.0,4
V4_reparo_gatilho,random_denso_n50_p30.txt,50,384,15,4,99344.0,4
V4_reparo_gatilho,random_denso_n50_p30.txt,50,384,16,4,98043.0,4
V4_reparo_gatilho,random_denso_n50_p30.txt,50,384,17,4,101221.0,4
V4_reparo_gatilho,random_denso_n50_p30.txt,50,384,18,4,103160.0,4
V4_reparo_gatilho,random_denso_n50_p30.txt,50,384,19,4,101144.0,3
V4_reparo_gatilho,random_denso_n50_p30.txt,50,384,20,4,100511.0,3
V4_reparo_gatilho,random_denso_n50_p30.txt,50,384,21,4,101099.0,4
V4_reparo_gatilho,random_denso_n50_p30.txt,50,384,22,4,101229.0,3
V4_reparo_gatilho,random_denso_n50_p30.txt,50,384,23,4,106800.0,4
V4_reparo_gatilho,random_denso_n50_p30.txt,50,384,24,4,102014.0,4
V4_reparo_gatilho,random_denso_n50_p30.txt,50,384,25,4,99045.0,3
V4_reparo_gatilho,random_denso_n50_p30.txt,50,384,26,4,97861.0,4
V4_reparo_gatilho,random_denso_n50_p30.txt,50,384,27,4,103658.0,4
V4_reparo_gatilho,random_denso_n50_p30.txt,50,384,28,4,101837.0,4
V4_reparo_gatilho,random_denso_n50_p30.txt,50,384,29,4,100955.0,4
V4_reparo_gatilho,steam3.txt,80,424,0,8,124317.0,7
V4_reparo_gatilho,steam3.txt,80,424,1,7,123191.0,6
V4_reparo_gatilho,steam3.txt,80,424,2,7,121340.0,6
V4_reparo_gatilho,steam3.txt,80,424,3,7,162242.0,6
V4_reparo_gatilho,steam3.txt,80,424,4,7,140087.0,6
V4_reparo_gatilho,steam3.txt,80,424,5,8,116413.0,7
V4_reparo_gatilho,steam3.txt,80,424,6,8,117554.0,7
V4_reparo_gatilho,steam3.txt,80,424,7,8,124537.0,7
V4_reparo_gatilho,steam3.txt,80,424,8,7,124214.0,6
V4_reparo_gatilho,steam3.txt,80,424,9,7,124275.0,6
V4_reparo_gatilho,steam3.txt,80,424,10,8,121411.0,7
V4_reparo_gatilho,steam3.txt,80,424,11,8,122090.0,7
V4_reparo_gatilho,steam3.txt,80,424,12,8,120148.0,7
V4_reparo_gatilho,steam3.txt,80,424,13,8,122718.0,7
V4_reparo_gatilho,steam3.txt,80,424,14,7,122627.0,6
V4_reparo_gatilho,steam3.txt,80,424,15,7,128440.0,6
V4_reparo_gatilho,steam3.txt,80,424,16,7,120145.0,6
V4_reparo_gatilho,steam3.txt,80,424,17,7,118708.0,6
V4_reparo_gatilho,steam3.txt,80,424,18,7,117588.0,6
V4_reparo_gatilho,steam3.txt,80,424,19,7,129867.0,6
V4_reparo_gatilho,steam3.txt,80,424,20,7,121966.0,6
V4_reparo_gatilho,steam3.txt,80,424,21,7,121091.0,6
V4_reparo_gatilho,steam3.txt,80,424,22,8,119006.0,7
V4_reparo_gatilho,steam3.txt,80,424,23,7,113832.0,6
V4_reparo_gatilho,steam3.txt,80,424,24,7,187187.0,6
V4_reparo_gatilho,steam3.txt,80,424,25,7,113091.0,6
V4_reparo_gatilho,steam3.txt,80,424,26,7,131980.0,6
V4_reparo_gatilho,steam3.txt,80,424,27,7,132063.0,6
V4_reparo_gatilho,steam3.txt,80,424,28,7,115334.0,6
V4_reparo_gatilho,steam3.txt,80,424,29,7,114758.0,6
V4_reparo_gatilho,cubic_100.txt,100,150,0,29,215983.0,29
V4_reparo_gatilho,cubic_100.txt,100,150,1,30,172778.0,29
V4_reparo_gatilho,cubic_100.txt,100,150,2,30,157856.0,30
V4_reparo_gatilho,cubic_100.txt,100,150,3,30,377664.0,29
V4_reparo_gatilho,cubic_100.txt,100,150,4,30,161832.0,30
V4_reparo_gatilho,cubic_100.txt,100,150,5,29,221808.0,29
V4_reparo_gatilho,cubic_100.txt,100,150,6,29,158659.0,29
V4_reparo_gatilho,cubic_100.txt,100,150,7,29,204524.0,29
V4_reparo_gatilho,cubic_100.txt,100,150,8,28,152738.0,28
V4_reparo_gatilho,cubic_100.txt,100,150,9,30,157045.0,30
V4_reparo_gatilho,cubic_100.txt,100,150,10,30,154103.0,30
V4_reparo_gatilho,cubic_100.txt,100,150,11,29,167793.0,29
V4_reparo_gatilho,cubic_100.txt,100,150,12,29,149760.0,29
V4_reparo_gatilho,cubic_100.txt,100,150,13,29,171175.0,29
V4_reparo_gatilho,cubic_100.txt,100,150,14,29,168486.0,29
V4_reparo_gatilho,cubic_100.txt,100,150,15,29,154856.0,29
V4_reparo_gatilho,cubic_100.txt,100,150,16,29,165448.0,28
V4_reparo_gatilho,cubic_100.txt,100,150,17,29,208474.0,29
V4_reparo_gatilho,cubic_100.txt,100,150,18,30,165201.0,30
V4_reparo_gatilho,cubic_100.txt,100,150,19,29,147566.0,29
V4_reparo_gatilho,cubic_100.txt,100,150,20,29,182364.0,28
V4_reparo_gatilho,cubic_100.txt,100,150,21,29,152783.0,29
V4_reparo_gatilho,cubic_100.txt,100,150,22,29,151369.0,29
V4_reparo_gatilho,cubic_100.txt,100,150,23,29,172091.0,29
V4_reparo_gatilho,cubic_100.txt,100,150,24,30,148733.0,30
V4_reparo_gatilho,cubic_100.txt,100,150,25,29,166507.0,28
V4_reparo_gatilho,cubic_100.txt,100,150,26,29,184723.0,29
V4_reparo_gatilho,cubic_100.txt,100,150,27,29,155172.0,29
V4_reparo_gatilho,cubic_100.txt,100,150,28,29,143592.0,29
V4_reparo_gatilho,cubic_100.txt,100,150,29,29,241682.0,29
V4_reparo_gatilho,grade_10x10.txt,100,180,0,16,203324.0,16
V4_reparo_gatilho,grade_10x10.txt,100,180,1,16,155639.0,16
V4_reparo_gatilho,grade_10x10.txt,100,180,2,16,154646.0,16
V4_reparo_gatilho,grade_10x10.txt,100,180,3,16,145135.0,16
V4_reparo_gatilho,grade_10x10.txt,100,180,4,16,155545.0,16
V4_reparo_gatilho,grade_10x10.txt,100,180,5,15,198106.0,14
V4_reparo_gatilho,grade_10x10.txt,100,180,6,16,158681.0,16
V4_reparo_gatilho,grade_10x10.txt,100,180,7,15,169546.0,15
V4_reparo_gatilho,grade_10x10.txt,100,180,8,16,162434.0,16
V4_reparo_gatilho,grade_10x10.txt,100,180,9,16,153847.0,16
V4_reparo_gatilho,grade_10x10.txt,100,180,10,16,151002.0,16
V4_reparo_gatilho,grade_10x10.txt,100,180,11,16,156494.0,16
V4_reparo_gatilho,grade_10x10.txt,100,180,12,17,156995.0,17
V4_reparo_gatilho,grade_10x10.txt,100,180,13,16,151516.0,16
V4_reparo_gatilho,grade_10x10.txt,100,180,14,16,147601.0,16
V4_reparo_gatilho,grade_10x10.txt,100,180,15,15,165305.0,15
V4_reparo_gatilho,grade_10x10.txt,100,180,16,16,157869.0,16
V4_reparo_gatilho,grade_10x10.txt,100,180,17,16,150928.0,15
V4_reparo_gatilho,grade_10x10.txt,100,180,18,16,154927.0,16
V4_reparo_gatilho,grade_10x10.txt,100,180,19,16,160111.0,16
V4_reparo_gatilho,grade_10x10.txt,100,180,20,15,208537.0,15
V4_reparo_gatilho,grade_10x10.txt,100,180,21,15,225705.0,15
V4_reparo_gatilho,grade_10x10.txt,100,180,22,16,156631.0,16
V4_reparo_gatilho,grade_10x10.txt,100,180,23,16,158883.0,16
V4_reparo_gatilho,grade_10x10.txt,100,180,24,15,155639.0,15
V4_reparo_gatilho,grade_10x10.txt,100,180,25,16,155146.0,16
V4_reparo_gatilho,grade_10x10.txt,100,180,26,15,168158.0,15
V4_reparo_gatilho,grade_10x10.txt,100,180,27,16,154655.0,16
V4_reparo_gatilho,grade_10x10.txt,100,180,28,16,175199.0,16
V4_reparo_gatilho,grade_10x10.txt,100,180,29,16,153058.0,16
V4_reparo_gatilho,ciclo_n100.txt,100,100,0,52,269261.0,51
V4_reparo_gatilho,ciclo_n100.txt,100,100,1,52,253298.0,51
V4_reparo_gatilho,ciclo_n100.txt,100,100,2,52,250055.0,51
V4_reparo_gatilho,ciclo_n100.txt,100,100,3,52,267052.0,51
V4_reparo_gatilho,ciclo_n100.txt,100,100,4,51,288054.0,50
V4_reparo_gatilho,ciclo_n100.txt,100,100,5,52,377038.0,51
V4_reparo_gatilho,ciclo_n100.txt,100,100,6,52,289729.0,51
V4_reparo_gatilho,ciclo_n100.txt,100,100,7,52,299842.0,51
V4_reparo_gatilho,ciclo_n100.txt,100,100,8,52,271244.0,51
V4_reparo_gatilho,ciclo_n100.txt,100,100,9,52,284745.0,51
V4_reparo_gatilho,ciclo_n100.txt,100,100,10,53,262884.0,52
V4_reparo_gatilho,ciclo_n100.txt,100,100,11,52,238662.0,51
V4_reparo_gatilho,ciclo_n100.txt,100,100,12,51,232588.0,50
V4_reparo_gatilho,ciclo_n100.txt,100,100,13,53,237483.0,52
V4_reparo_gatilho,ciclo_n100.txt,100,100,14,52,252429.0,51
V4_reparo_gatilho,ciclo_n100.txt,100,100,15,52,256376.0,51
V4_reparo_gatilho,ciclo_n100.txt,100,100,16,53,224461.0,52
V4_reparo_gatilho,ciclo_n100.txt,100,100,17,52,240095.0,51
V4_reparo_gatilho,ciclo_n100.txt,100,100,18,52,240628.0,51
V4_reparo_gatilho,ciclo_n100.txt,100,100,19,51,257375.0,50
V4_reparo_gatilho,ciclo_n100.txt,100,100,20,53,242681.0,52
V4_reparo_gatilho,ciclo_n100.txt,100,100,21,52,262269.0,51
V4_reparo_gatilho,ciclo_n100.txt,100,100,22,52,242082.0,51
V4_reparo_gatilho,ciclo_n100.txt,100,100,23,52,252149.0,51
V4_reparo_gatilho,ciclo_n100.txt,100,100,24,52,294227.0,51
V4_reparo_gatilho,ciclo_n100.txt,100,100,25,51,263991.0,50
V4_reparo_gatilho,ciclo_n100.txt,100,100,26,52,319288.0,51
V4_reparo_gatilho,ciclo_n100.txt,100,100,27,51,321358.0,50
V4_reparo_gatilho,ciclo_n100.txt,100,100,28,52,251334.0,51
V4_reparo_gatilho,ciclo_n100.txt,100,100,29,52,270177.0,51
V4_reparo_gatilho,dwt__162.txt,162,510,0,11,320531.0,11
V4_reparo_gatilho,dwt__162.txt,162,510,1,12,270156.0,12
V4_reparo_gatilho,dwt__162.txt,162,510,2,11,274264.0,11
V4_reparo_gatilho,dwt__162.txt,162,510,3,12,253810.0,12
V4_reparo_gatilho,dwt__162.txt,162,510,4,11,330196.0,11
V4_reparo_gatilho,dwt__162.txt,162,510,5,12,261886.0,12
V4_reparo_gatilho,dwt__162.txt,162,510,6,11,267152.0,11
V4_reparo_gatilho,dwt__162.txt,162,510,7,11,357578.0,11
V4_reparo_gatilho,dwt__162.txt,162,510,8,11,267450.0,11
V4_reparo_gatilho,dwt__162.txt,162,510,9,11,271355.0,11
V4_reparo_gatilho,dwt__162.txt,162,510,10,11,255103.0,11
V4_reparo_gatilho,dwt__162.txt,162,510,11,11,255693.0,11
V4_reparo_gatilho,dwt__162.txt,162,510,12,11,288833.0,10
V4_reparo_gatilho,dwt__162.txt,162,510,13,11,383096.0,11
V4_reparo_gatilho,dwt__162.txt,162,510,14,12,263649.0,12
V4_reparo_gatilho,dwt__162.txt,162,510,15,11,270219.0,11
V4_reparo_gatilho,dwt__162.txt,162,510,16,12,252904.0,12
V4_reparo_gatilho,dwt__162.txt,162,510,17,11,267945.0,11
V4_reparo_gatilho,dwt__162.txt,162,510,18,11,251894.0,11
V4_reparo_gatilho,dwt__162.txt,162,510,19,12,249547.0,11
V4_reparo_gatilho,dwt__162.txt,162,510,20,12,251049.0,12
V4_reparo_gatilho,dwt__162.txt,162,510,21,11,270701.0,11
V4_reparo_gatilho,dwt__162.txt,162,510,22,12,255253.0,12
V4_reparo_gatilho,dwt__162.txt,162,510,23,11,316655.0,11
V4_reparo_gatilho,dwt__162.txt,162,510,24,11,247654.0,11
V4_reparo_gatilho,dwt__162.txt,162,510,25,11,246510.0,11
V4_reparo_gatilho,dwt__162.txt,162,510,26,11,386687.0,11
V4_reparo_gatilho,dwt__162.txt,162,510,27,11,255108.0,11
V4_reparo_gatilho,dwt__162.txt,162,510,28,11,393256.0,11
V4_reparo_gatilho,dwt__162.txt,162,510,29,12,247108.0,12
V4_reparo_gatilho,random_esparso_n200_d3.txt,200,481,0,13,397911.0,13
V4_reparo_gatilho,random_esparso_n200_d3.txt,200,481,1,13,428595.0,13
V4_reparo_gatilho,random_esparso_n200_d3.txt,200,481,2,13,390924.0,13
V4_reparo_gatilho,random_esparso_n200_d3.txt,200,481,3,14,363599.0,14
V4_reparo_gatilho,random_esparso_n200_d3.txt,200,481,4,13,406737.0,13
V4_reparo_gatilho,random_esparso_n200_d3.txt,200,481,5,13,387375.0,13
V4_reparo_gatilho,random_esparso_n200_d3.txt,200,481,6,14,339277.0,14
V4_reparo_gatilho,random_esparso_n200_d3.txt,200,481,7,13,537748.0,13
V4_reparo_gatilho,random_esparso_n200_d3.txt,200,481,8,14,339504.0,14
V4_reparo_gatilho,random_esparso_n200_d3.txt,200,481,9,13,357664.0,13
V4_reparo_gatilho,random_esparso_n200_d3.txt,200,481,10,12,446861.0,12
V4_reparo_gatilho,random_esparso_n200_d3.txt,200,481,11,14,359714.0,14
V4_reparo_gatilho,random_esparso_n200_d3.txt,200,481,12,14,444296.0,14
V4_reparo_gatilho,random_esparso_n200_d3.txt,200,481,13,14,477187.0,14
V4_reparo_gatilho,random_esparso_n200_d3.txt,200,481,14,13,491257.0,13
V4_reparo_gatilho,random_esparso_n200_d3.txt,200,481,15,13,612402.0,13
V4_reparo_gatilho,random_esparso_n200_d3.txt,200,481,16,13,372292.0,13
V4_reparo_gatilho,random_esparso_n200_d3.txt,200,481,17,13,492092.0,13
V4_reparo_gatilho,random_esparso_n200_d3.txt,200,481,18,13,342284.0,13
V4_reparo_gatilho,random_esparso_n200_d3.txt,200,481,19,14,355204.0,14
V4_reparo_gatilho,random_esparso_n200_d3.txt,200,481,20,13,361027.0,13
V4_reparo_gatilho,random_esparso_n200_d3.txt,200,481,21,13,436509.0,13
V4_reparo_gatilho,random_esparso_n200_d3.txt,200,481,22,14,341248.0,14
V4_reparo_gatilho,random_esparso_n200_d3.txt,200,481,23,13,357051.0,13
V4_reparo_gatilho,random_esparso_n200_d3.txt,200,481,24,13,334519.0,13
V4_reparo_gatilho,random_esparso_n200_d3.txt,200,481,25,13,386927.0,13
V4_reparo_gatilho,random_esparso_n200_d3.txt,200,481,26,13,366259.0,13
V4_reparo_gatilho,random_esparso_n200_d3.txt,200,481,27,14,354344.0,14
V4_reparo_gatilho,random_esparso_n200_d3.txt,200,481,28,13,446922.0,13
V4_reparo_gatilho,random_esparso_n200_d3.txt,200,481,29,13,390086.0,13
V4_reparo_gatilho,cycle10-order250.txt,250,250,0,129,1402060.0,128
V4_reparo_gatilho,cycle10-order250.txt,250,250,1,130,1297400.0,129
V4_reparo_gatilho,cycle10-order250.txt,250,250,2,130,1456840.0,129
V4_reparo_gatilho,cycle10-order250.txt,250,250,3,131,1155800.0,130
V4_reparo_gatilho,cycle10-order250.txt,250,250,4,131,1578750.0,130
V4_reparo_gatilho,cycle10-order250.txt,250,250,5,129,1263340.0,128
V4_reparo_gatilho,cycle10-order250.txt,250,250,6,131,1322310.0,130
V4_reparo_gatilho,cycle10-order250.txt,250,250,7,129,1316380.0,128
V4_reparo_gatilho,cycle10-order250.txt,250,250,8,130,1614710.0,129
V4_reparo_gatilho,cycle10-order250.txt,250,250,9,131,1321070.0,130
V4_reparo_gatilho,cycle10-order250.txt,250,250,10,129,1061560.0,128
V4_reparo_gatilho,cycle10-order250.txt,250,250,11,130,1630750.0,129
V4_reparo_gatilho,cycle10-order250.txt,250,250,12,130,1199330.0,129
V4_reparo_gatilho,cycle10-order250.txt,250,250,13,130,1355390.0,129
V4_reparo_gatilho,cycle10-order250.txt,250,250,14,129,1154770.0,128
V4_reparo_gatilho,cycle10-order250.txt,250,250,15,131,1079870.0,130
V4_reparo_gatilho,cycle10-order250.txt,250,250,16,130,2323300.0,129
V4_reparo_gatilho,cycle10-order250.txt,250,250,17,131,1126910.0,130
V4_reparo_gatilho,cycle10-order250.txt,250,250,18,129,2061020.0,128
V4_reparo_gatilho,cycle10-order250.txt,250,250,19,129,1096010.0,128
V4_reparo_gatilho,cycle10-order250.txt,250,250,20,130,1064020.0,129
V4_reparo_gatilho,cycle10-order250.txt,250,250,21,130,1196310.0,129
V4_reparo_gatilho,cycle10-order250.txt,250,250,22,131,1866940.0,130
V4_reparo_gatilho,cycle10-order250.txt,250,250,23,130,1256530.0,129
V4_reparo_gatilho,cycle10-order250.txt,250,250,24,130,1326160.0,129
V4_reparo_gatilho,cycle10-order250.txt,250,250,25,131,1490730.0,130
V4_reparo_gatilho,cycle10-order250.txt,250,250,26,131,1047100.0,130
V4_reparo_gatilho,cycle10-order250.txt,250,250,27,129,1120780.0,128
V4_reparo_gatilho,cycle10-order250.txt,250,250,28,128,1935440.0,127
V4_reparo_gatilho,cycle10-order250.txt,250,250,29,130,1081680.0,129
V4_reparo_gatilho,nos7.txt,729,1944,0,25,1688600.0,25
V4_reparo_gatilho,nos7.txt,729,1944,1,24,1680210.0,24
V4_reparo_gatilho,nos7.txt,729,1944,2,25,1551730.0,25
V4_reparo_gatilho,nos7.txt,729,1944,3,24,1689090.0,24
V4_reparo_gatilho,nos7.txt,729,1944,4,23,2062110.0,23
V4_reparo_gatilho,nos7.txt,729,1944,5,25,1813660.0,25
V4_reparo_gatilho,nos7.txt,729,1944,6,24,1545450.0,24
V4_reparo_gatilho,nos7.txt,729,1944,7,24,2424040.0,24
V4_reparo_gatilho,nos7.txt,729,1944,8,26,1665890.0,26
V4_reparo_gatilho,nos7.txt,729,1944,9,24,2244550.0,24
V4_reparo_gatilho,nos7.txt,729,1944,10,24,2234970.0,24
V4_reparo_gatilho,nos7.txt,729,1944,11,23,1668920.0,23
V4_reparo_gatilho,nos7.txt,729,1944,12,23,1701910.0,22
V4_reparo_gatilho,nos7.txt,729,1944,13,25,1451380.0,25
V4_reparo_gatilho,nos7.txt,729,1944,14,25,1622170.0,25
V4_reparo_gatilho,nos7.txt,729,1944,15,25,1459310.0,25
V4_reparo_gatilho,nos7.txt,729,1944,16,24,1512970.0,24
V4_reparo_gatilho,nos7.txt,729,1944,17,24,1823490.0,24
V4_reparo_gatilho,nos7.txt,729,1944,18,23,2004220.0,23
V4_reparo_gatilho,nos7.txt,729,1944,19,25,1479220.0,24
V4_reparo_gatilho,nos7.txt,729,1944,20,25,1469750.0,25
V4_reparo_gatilho,nos7.txt,729,1944,21,24,1650240.0,24
V4_reparo_gatilho,nos7.txt,729,1944,22,25,1424110.0,25
V4_reparo_gatilho,nos7.txt,729,1944,23,23,2321900.0,23
V4_reparo_gatilho,nos7.txt,729,1944,24,24,2603730.0,23
V4_reparo_gatilho,nos7.txt,729,1944,25,23,1456370.0,23
V4_reparo_gatilho,nos7.txt,729,1944,26,24,1639750.0,24
V4_reparo_gatilho,nos7.txt,729,1944,27,25,1552610.0,25
V4_reparo_gatilho,nos7.txt,729,1944,28,24,1763180.0,24
V4_reparo_gatilho,nos7.txt,729,1944,29,25,1619150.0,24
